CREATE TABLE IF NOT EXISTS "__EFMigrationsHistory" (
    "MigrationId" character varying(150) NOT NULL,
    "ProductVersion" character varying(32) NOT NULL,
    CONSTRAINT "PK___EFMigrationsHistory" PRIMARY KEY ("MigrationId")
);

START TRANSACTION;
CREATE TABLE "AspNetRoles" (
    "Id" text NOT NULL,
    "Name" character varying(256),
    "NormalizedName" character varying(256),
    "ConcurrencyStamp" text,
    CONSTRAINT "PK_AspNetRoles" PRIMARY KEY ("Id")
);

CREATE TABLE "AspNetUsers" (
    "Id" text NOT NULL,
    "FirstName" character varying(50) NOT NULL,
    "LastName" character varying(50) NOT NULL,
    "IsActive" boolean NOT NULL DEFAULT TRUE,
    "CreatedAt" timestamp with time zone NOT NULL DEFAULT (CURRENT_TIMESTAMP),
    "UpdatedAt" timestamp with time zone NOT NULL DEFAULT (CURRENT_TIMESTAMP),
    "UserName" character varying(256),
    "NormalizedUserName" character varying(256),
    "Email" character varying(256),
    "NormalizedEmail" character varying(256),
    "EmailConfirmed" boolean NOT NULL,
    "PasswordHash" text,
    "SecurityStamp" text,
    "ConcurrencyStamp" text,
    "PhoneNumber" text,
    "PhoneNumberConfirmed" boolean NOT NULL,
    "TwoFactorEnabled" boolean NOT NULL,
    "LockoutEnd" timestamp with time zone,
    "LockoutEnabled" boolean NOT NULL,
    "AccessFailedCount" integer NOT NULL,
    CONSTRAINT "PK_AspNetUsers" PRIMARY KEY ("Id")
);

CREATE TABLE "Authors" (
    "Id" integer GENERATED BY DEFAULT AS IDENTITY,
    "Name" character varying(100) NOT NULL,
    "NameArabic" character varying(100),
    "Biography" text,
    "BiographyArabic" text,
    "BirthDate" timestamp with time zone,
    "Nationality" character varying(50),
    "IsActive" boolean NOT NULL DEFAULT TRUE,
    "CreatedAt" timestamp with time zone NOT NULL DEFAULT (CURRENT_TIMESTAMP),
    "UpdatedAt" timestamp with time zone NOT NULL DEFAULT (CURRENT_TIMESTAMP),
    CONSTRAINT "PK_Authors" PRIMARY KEY ("Id")
);

CREATE TABLE "Categories" (
    "Id" integer GENERATED BY DEFAULT AS IDENTITY,
    "Name" character varying(100) NOT NULL,
    "NameArabic" character varying(100) NOT NULL,
    "Description" text,
    "DescriptionArabic" text,
    "Icon" character varying(50),
    "IsActive" boolean NOT NULL DEFAULT TRUE,
    "CreatedAt" timestamp with time zone NOT NULL DEFAULT (CURRENT_TIMESTAMP),
    "UpdatedAt" timestamp with time zone NOT NULL DEFAULT (CURRENT_TIMESTAMP),
    CONSTRAINT "PK_Categories" PRIMARY KEY ("Id")
);

CREATE TABLE "Publishers" (
    "Id" integer GENERATED BY DEFAULT AS IDENTITY,
    "Name" character varying(100) NOT NULL,
    "NameArabic" character varying(100),
    "Address" text,
    "Phone" character varying(20),
    "Email" character varying(100),
    "Website" character varying(200),
    "IsActive" boolean NOT NULL DEFAULT TRUE,
    "CreatedAt" timestamp with time zone NOT NULL DEFAULT (CURRENT_TIMESTAMP),
    "UpdatedAt" timestamp with time zone NOT NULL DEFAULT (CURRENT_TIMESTAMP),
    CONSTRAINT "PK_Publishers" PRIMARY KEY ("Id")
);

CREATE TABLE "StudyMaterials" (
    "Id" integer GENERATED BY DEFAULT AS IDENTITY,
    "Title" character varying(200) NOT NULL,
    "TitleArabic" character varying(200),
    "Category" character varying(50) NOT NULL,
    "Subject" character varying(50) NOT NULL,
    "Teacher" character varying(100),
    "Description" text,
    "DescriptionArabic" text,
    "Price" numeric(10,2) NOT NULL DEFAULT 0.0,
    "Status" character varying(50) NOT NULL DEFAULT 'متوفر',
    "Delivery" character varying(100) NOT NULL DEFAULT 'PDF / طباعة',
    "Rating" numeric(3,2) NOT NULL DEFAULT 0.0,
    "Downloads" integer NOT NULL DEFAULT 0,
    "Duration" character varying(50) NOT NULL,
    "Features" text,
    "IsActive" boolean NOT NULL DEFAULT TRUE,
    "CreatedAt" timestamp with time zone NOT NULL DEFAULT (CURRENT_TIMESTAMP),
    "UpdatedAt" timestamp with time zone NOT NULL DEFAULT (CURRENT_TIMESTAMP),
    CONSTRAINT "PK_StudyMaterials" PRIMARY KEY ("Id")
);

CREATE TABLE "StudySchedules" (
    "Id" integer GENERATED BY DEFAULT AS IDENTITY,
    "Type" character varying(50) NOT NULL,
    "Day" character varying(50) NOT NULL,
    "Title" character varying(200),
    "TitleArabic" character varying(200),
    "Description" text,
    "DescriptionArabic" text,
    "Grade" character varying(50),
    "Subjects" text,
    "Focus" character varying(200),
    "FocusArabic" character varying(200),
    "OrderIndex" integer NOT NULL DEFAULT 0,
    "IsActive" boolean NOT NULL DEFAULT TRUE,
    "CreatedAt" timestamp with time zone NOT NULL DEFAULT (CURRENT_TIMESTAMP),
    "UpdatedAt" timestamp with time zone NOT NULL DEFAULT (CURRENT_TIMESTAMP),
    CONSTRAINT "PK_StudySchedules" PRIMARY KEY ("Id")
);

CREATE TABLE "StudyTips" (
    "Id" integer GENERATED BY DEFAULT AS IDENTITY,
    "Category" character varying(100) NOT NULL,
    "Title" character varying(200) NOT NULL,
    "TitleArabic" character varying(200),
    "Description" text,
    "DescriptionArabic" text,
    "Grade" character varying(50),
    "Subject" character varying(50),
    "Tips" text,
    "OrderIndex" integer NOT NULL DEFAULT 0,
    "IsActive" boolean NOT NULL DEFAULT TRUE,
    "CreatedAt" timestamp with time zone NOT NULL DEFAULT (CURRENT_TIMESTAMP),
    "UpdatedAt" timestamp with time zone NOT NULL DEFAULT (CURRENT_TIMESTAMP),
    CONSTRAINT "PK_StudyTips" PRIMARY KEY ("Id")
);

CREATE TABLE "SystemSettings" (
    "Id" integer GENERATED BY DEFAULT AS IDENTITY,
    "SettingKey" character varying(100) NOT NULL,
    "SettingValue" text,
    "Description" character varying(255),
    "UpdatedAt" timestamp with time zone NOT NULL DEFAULT (CURRENT_TIMESTAMP),
    CONSTRAINT "PK_SystemSettings" PRIMARY KEY ("Id")
);

CREATE TABLE "AspNetRoleClaims" (
    "Id" integer GENERATED BY DEFAULT AS IDENTITY,
    "RoleId" text NOT NULL,
    "ClaimType" text,
    "ClaimValue" text,
    CONSTRAINT "PK_AspNetRoleClaims" PRIMARY KEY ("Id"),
    CONSTRAINT "FK_AspNetRoleClaims_AspNetRoles_RoleId" FOREIGN KEY ("RoleId") REFERENCES "AspNetRoles" ("Id") ON DELETE CASCADE
);

CREATE TABLE "AspNetUserClaims" (
    "Id" integer GENERATED BY DEFAULT AS IDENTITY,
    "UserId" text NOT NULL,
    "ClaimType" text,
    "ClaimValue" text,
    CONSTRAINT "PK_AspNetUserClaims" PRIMARY KEY ("Id"),
    CONSTRAINT "FK_AspNetUserClaims_AspNetUsers_UserId" FOREIGN KEY ("UserId") REFERENCES "AspNetUsers" ("Id") ON DELETE CASCADE
);

CREATE TABLE "AspNetUserLogins" (
    "LoginProvider" text NOT NULL,
    "ProviderKey" text NOT NULL,
    "ProviderDisplayName" text,
    "UserId" text NOT NULL,
    CONSTRAINT "PK_AspNetUserLogins" PRIMARY KEY ("LoginProvider", "ProviderKey"),
    CONSTRAINT "FK_AspNetUserLogins_AspNetUsers_UserId" FOREIGN KEY ("UserId") REFERENCES "AspNetUsers" ("Id") ON DELETE CASCADE
);

CREATE TABLE "AspNetUserRoles" (
    "UserId" text NOT NULL,
    "RoleId" text NOT NULL,
    CONSTRAINT "PK_AspNetUserRoles" PRIMARY KEY ("UserId", "RoleId"),
    CONSTRAINT "FK_AspNetUserRoles_AspNetRoles_RoleId" FOREIGN KEY ("RoleId") REFERENCES "AspNetRoles" ("Id") ON DELETE CASCADE,
    CONSTRAINT "FK_AspNetUserRoles_AspNetUsers_UserId" FOREIGN KEY ("UserId") REFERENCES "AspNetUsers" ("Id") ON DELETE CASCADE
);

CREATE TABLE "AspNetUserTokens" (
    "UserId" text NOT NULL,
    "LoginProvider" text NOT NULL,
    "Name" text NOT NULL,
    "Value" text,
    CONSTRAINT "PK_AspNetUserTokens" PRIMARY KEY ("UserId", "LoginProvider", "Name"),
    CONSTRAINT "FK_AspNetUserTokens_AspNetUsers_UserId" FOREIGN KEY ("UserId") REFERENCES "AspNetUsers" ("Id") ON DELETE CASCADE
);

CREATE TABLE "Quizzes" (
    "Id" integer GENERATED BY DEFAULT AS IDENTITY,
    "Title" character varying(200) NOT NULL,
    "TitleArabic" character varying(200),
    "Description" text,
    "DescriptionArabic" text,
    "Subject" character varying(50) NOT NULL,
    "Grade" character varying(50) NOT NULL,
    "Chapter" character varying(100),
    "TimeLimit" integer NOT NULL DEFAULT 30,
    "TotalQuestions" integer NOT NULL,
    "PassingScore" integer NOT NULL DEFAULT 60,
    "IsActive" boolean NOT NULL DEFAULT TRUE,
    "IsPublic" boolean NOT NULL DEFAULT TRUE,
    "CreatedAt" timestamp with time zone NOT NULL DEFAULT (CURRENT_TIMESTAMP),
    "UpdatedAt" timestamp with time zone NOT NULL DEFAULT (CURRENT_TIMESTAMP),
    "CreatedBy" text,
    CONSTRAINT "PK_Quizzes" PRIMARY KEY ("Id"),
    CONSTRAINT "FK_Quizzes_AspNetUsers_CreatedBy" FOREIGN KEY ("CreatedBy") REFERENCES "AspNetUsers" ("Id") ON DELETE SET NULL
);

CREATE TABLE "Books" (
    "Id" integer GENERATED BY DEFAULT AS IDENTITY,
    "Title" character varying(200) NOT NULL,
    "TitleArabic" character varying(200),
    "ISBN" character varying(20),
    "Description" text,
    "DescriptionArabic" text,
    "AuthorId" integer,
    "PublisherId" integer,
    "CategoryId" integer,
    "PublicationDate" timestamp with time zone,
    "Pages" integer,
    "Language" character varying(20) NOT NULL DEFAULT 'Arabic',
    "Price" numeric(10,2),
    "OriginalPrice" numeric(10,2),
    "StockQuantity" integer NOT NULL DEFAULT 0,
    "CoverImageUrl" character varying(500),
    "IsAvailable" boolean NOT NULL DEFAULT TRUE,
    "IsFeatured" boolean NOT NULL DEFAULT FALSE,
    "IsNewRelease" boolean NOT NULL DEFAULT FALSE,
    "Rating" numeric(3,2) NOT NULL DEFAULT 0.0,
    "RatingCount" integer NOT NULL DEFAULT 0,
    "ViewCount" integer NOT NULL DEFAULT 0,
    "CreatedAt" timestamp with time zone NOT NULL DEFAULT (CURRENT_TIMESTAMP),
    "UpdatedAt" timestamp with time zone NOT NULL DEFAULT (CURRENT_TIMESTAMP),
    CONSTRAINT "PK_Books" PRIMARY KEY ("Id"),
    CONSTRAINT "FK_Books_Authors_AuthorId" FOREIGN KEY ("AuthorId") REFERENCES "Authors" ("Id") ON DELETE SET NULL,
    CONSTRAINT "FK_Books_Categories_CategoryId" FOREIGN KEY ("CategoryId") REFERENCES "Categories" ("Id") ON DELETE SET NULL,
    CONSTRAINT "FK_Books_Publishers_PublisherId" FOREIGN KEY ("PublisherId") REFERENCES "Publishers" ("Id") ON DELETE SET NULL
);

CREATE TABLE "QuizAttempts" (
    "Id" integer GENERATED BY DEFAULT AS IDENTITY,
    "QuizId" integer NOT NULL,
    "UserId" text NOT NULL,
    "StartedAt" timestamp with time zone NOT NULL DEFAULT (CURRENT_TIMESTAMP),
    "CompletedAt" timestamp with time zone,
    "Score" integer NOT NULL DEFAULT 0,
    "TotalScore" integer NOT NULL DEFAULT 0,
    "Percentage" double precision NOT NULL DEFAULT 0.0,
    "IsPassed" boolean NOT NULL DEFAULT FALSE,
    "TimeSpent" integer NOT NULL DEFAULT 0,
    "Status" integer NOT NULL DEFAULT 0,
    "CreatedAt" timestamp with time zone NOT NULL DEFAULT (CURRENT_TIMESTAMP),
    "UpdatedAt" timestamp with time zone NOT NULL DEFAULT (CURRENT_TIMESTAMP),
    CONSTRAINT "PK_QuizAttempts" PRIMARY KEY ("Id"),
    CONSTRAINT "FK_QuizAttempts_AspNetUsers_UserId" FOREIGN KEY ("UserId") REFERENCES "AspNetUsers" ("Id") ON DELETE CASCADE,
    CONSTRAINT "FK_QuizAttempts_Quizzes_QuizId" FOREIGN KEY ("QuizId") REFERENCES "Quizzes" ("Id") ON DELETE CASCADE
);

CREATE TABLE "QuizQuestions" (
    "Id" integer GENERATED BY DEFAULT AS IDENTITY,
    "QuizId" integer NOT NULL,
    "QuestionText" text NOT NULL,
    "QuestionTextArabic" text,
    "Explanation" text,
    "ExplanationArabic" text,
    "Points" integer NOT NULL DEFAULT 1,
    "OrderIndex" integer NOT NULL DEFAULT 0,
    "Type" integer NOT NULL DEFAULT 0,
    "CreatedAt" timestamp with time zone NOT NULL DEFAULT (CURRENT_TIMESTAMP),
    "UpdatedAt" timestamp with time zone NOT NULL DEFAULT (CURRENT_TIMESTAMP),
    CONSTRAINT "PK_QuizQuestions" PRIMARY KEY ("Id"),
    CONSTRAINT "FK_QuizQuestions_Quizzes_QuizId" FOREIGN KEY ("QuizId") REFERENCES "Quizzes" ("Id") ON DELETE CASCADE
);

CREATE TABLE "BookImages" (
    "Id" integer GENERATED BY DEFAULT AS IDENTITY,
    "BookId" integer NOT NULL,
    "ImageUrl" character varying(500) NOT NULL,
    "ImageType" integer NOT NULL DEFAULT 1,
    "DisplayOrder" integer NOT NULL DEFAULT 0,
    "IsActive" boolean NOT NULL DEFAULT TRUE,
    "CreatedAt" timestamp with time zone NOT NULL DEFAULT (CURRENT_TIMESTAMP),
    CONSTRAINT "PK_BookImages" PRIMARY KEY ("Id"),
    CONSTRAINT "FK_BookImages_Books_BookId" FOREIGN KEY ("BookId") REFERENCES "Books" ("Id") ON DELETE CASCADE
);

CREATE TABLE "BookInquiries" (
    "Id" integer GENERATED BY DEFAULT AS IDENTITY,
    "BookId" integer NOT NULL,
    "CustomerName" character varying(100),
    "CustomerPhone" character varying(20),
    "CustomerEmail" character varying(100),
    "Message" text,
    "Status" integer NOT NULL DEFAULT 0,
    "WhatsAppMessageSent" boolean NOT NULL DEFAULT FALSE,
    "ResponseMessage" text,
    "UserId" text,
    "CreatedAt" timestamp with time zone NOT NULL DEFAULT (CURRENT_TIMESTAMP),
    "UpdatedAt" timestamp with time zone NOT NULL DEFAULT (CURRENT_TIMESTAMP),
    CONSTRAINT "PK_BookInquiries" PRIMARY KEY ("Id"),
    CONSTRAINT "FK_BookInquiries_AspNetUsers_UserId" FOREIGN KEY ("UserId") REFERENCES "AspNetUsers" ("Id") ON DELETE SET NULL,
    CONSTRAINT "FK_BookInquiries_Books_BookId" FOREIGN KEY ("BookId") REFERENCES "Books" ("Id") ON DELETE CASCADE
);

CREATE TABLE "QuestionOptions" (
    "Id" integer GENERATED BY DEFAULT AS IDENTITY,
    "QuestionId" integer NOT NULL,
    "OptionText" text NOT NULL,
    "OptionTextArabic" text,
    "IsCorrect" boolean NOT NULL DEFAULT FALSE,
    "OrderIndex" integer NOT NULL DEFAULT 0,
    "CreatedAt" timestamp with time zone NOT NULL DEFAULT (CURRENT_TIMESTAMP),
    "UpdatedAt" timestamp with time zone NOT NULL DEFAULT (CURRENT_TIMESTAMP),
    CONSTRAINT "PK_QuestionOptions" PRIMARY KEY ("Id"),
    CONSTRAINT "FK_QuestionOptions_QuizQuestions_QuestionId" FOREIGN KEY ("QuestionId") REFERENCES "QuizQuestions" ("Id") ON DELETE CASCADE
);

CREATE TABLE "AttemptAnswers" (
    "Id" integer GENERATED BY DEFAULT AS IDENTITY,
    "AttemptId" integer NOT NULL,
    "QuestionId" integer NOT NULL,
    "SelectedOptionId" integer,
    "TextAnswer" text,
    "BooleanAnswer" boolean,
    "IsCorrect" boolean NOT NULL DEFAULT FALSE,
    "PointsEarned" integer NOT NULL DEFAULT 0,
    "AnsweredAt" timestamp with time zone NOT NULL DEFAULT (CURRENT_TIMESTAMP),
    "CreatedAt" timestamp with time zone NOT NULL DEFAULT (CURRENT_TIMESTAMP),
    "UpdatedAt" timestamp with time zone NOT NULL DEFAULT (CURRENT_TIMESTAMP),
    CONSTRAINT "PK_AttemptAnswers" PRIMARY KEY ("Id"),
    CONSTRAINT "FK_AttemptAnswers_QuestionOptions_SelectedOptionId" FOREIGN KEY ("SelectedOptionId") REFERENCES "QuestionOptions" ("Id") ON DELETE SET NULL,
    CONSTRAINT "FK_AttemptAnswers_QuizAttempts_AttemptId" FOREIGN KEY ("AttemptId") REFERENCES "QuizAttempts" ("Id") ON DELETE CASCADE,
    CONSTRAINT "FK_AttemptAnswers_QuizQuestions_QuestionId" FOREIGN KEY ("QuestionId") REFERENCES "QuizQuestions" ("Id") ON DELETE CASCADE
);

INSERT INTO "Authors" ("Id", "Biography", "BiographyArabic", "BirthDate", "CreatedAt", "IsActive", "Name", "NameArabic", "Nationality", "UpdatedAt")
VALUES (1, 'Egyptian poet and playwright', 'شاعر وكاتب مسرحي مصري', NULL, TIMESTAMPTZ '2025-08-25T22:17:40.814828Z', TRUE, 'Ahmed Shawqi', 'أحمد شوقي', 'Egyptian', TIMESTAMPTZ '2025-08-25T22:17:40.814844Z');
INSERT INTO "Authors" ("Id", "Biography", "BiographyArabic", "BirthDate", "CreatedAt", "IsActive", "Name", "NameArabic", "Nationality", "UpdatedAt")
VALUES (2, 'Egyptian writer and intellectual', 'كاتب ومفكر مصري', NULL, TIMESTAMPTZ '2025-08-25T22:17:40.814855Z', TRUE, 'Taha Hussein', 'طه حسين', 'Egyptian', TIMESTAMPTZ '2025-08-25T22:17:40.814855Z');
INSERT INTO "Authors" ("Id", "Biography", "BiographyArabic", "BirthDate", "CreatedAt", "IsActive", "Name", "NameArabic", "Nationality", "UpdatedAt")
VALUES (3, 'Egyptian philosopher and writer', 'فيلسوف وكاتب مصري', NULL, TIMESTAMPTZ '2025-08-25T22:17:40.814855Z', TRUE, 'Zaki Naguib Mahmoud', 'زكي نجيب محمود', 'Egyptian', TIMESTAMPTZ '2025-08-25T22:17:40.814855Z');
INSERT INTO "Authors" ("Id", "Biography", "BiographyArabic", "BirthDate", "CreatedAt", "IsActive", "Name", "NameArabic", "Nationality", "UpdatedAt")
VALUES (4, 'Nobel Prize-winning Egyptian writer', 'كاتب مصري حائز على جائزة نوبل', NULL, TIMESTAMPTZ '2025-08-25T22:17:40.814856Z', TRUE, 'Naguib Mahfouz', 'نجيب محفوظ', 'Egyptian', TIMESTAMPTZ '2025-08-25T22:17:40.814856Z');
INSERT INTO "Authors" ("Id", "Biography", "BiographyArabic", "BirthDate", "CreatedAt", "IsActive", "Name", "NameArabic", "Nationality", "UpdatedAt")
VALUES (5, 'Lebanese-American writer and poet', 'كاتب وشاعر لبناني أمريكي', NULL, TIMESTAMPTZ '2025-08-25T22:17:40.814856Z', TRUE, 'Khalil Gibran', 'جبران خليل جبران', 'Lebanese', TIMESTAMPTZ '2025-08-25T22:17:40.814856Z');

INSERT INTO "Categories" ("Id", "CreatedAt", "Description", "DescriptionArabic", "Icon", "IsActive", "Name", "NameArabic", "UpdatedAt")
VALUES (1, TIMESTAMPTZ '2025-08-25T22:17:40.815765Z', 'Fiction and literature books', 'كتب الأدب والرواية', 'fas fa-feather-alt', TRUE, 'Literature', 'الأدب والرواية', TIMESTAMPTZ '2025-08-25T22:17:40.815765Z');
INSERT INTO "Categories" ("Id", "CreatedAt", "Description", "DescriptionArabic", "Icon", "IsActive", "Name", "NameArabic", "UpdatedAt")
VALUES (2, TIMESTAMPTZ '2025-08-25T22:17:40.815815Z', 'Science and research books', 'كتب العلوم والبحث', 'fas fa-flask', TRUE, 'Science', 'العلوم', TIMESTAMPTZ '2025-08-25T22:17:40.815815Z');
INSERT INTO "Categories" ("Id", "CreatedAt", "Description", "DescriptionArabic", "Icon", "IsActive", "Name", "NameArabic", "UpdatedAt")
VALUES (3, TIMESTAMPTZ '2025-08-25T22:17:40.815815Z', 'History and civilization books', 'كتب التاريخ والحضارة', 'fas fa-landmark', TRUE, 'History', 'التاريخ', TIMESTAMPTZ '2025-08-25T22:17:40.815815Z');
INSERT INTO "Categories" ("Id", "CreatedAt", "Description", "DescriptionArabic", "Icon", "IsActive", "Name", "NameArabic", "UpdatedAt")
VALUES (4, TIMESTAMPTZ '2025-08-25T22:17:40.815815Z', 'Religious and Islamic studies', 'الكتب الدينية والدراسات الإسلامية', 'fas fa-mosque', TRUE, 'Religion', 'الدين', TIMESTAMPTZ '2025-08-25T22:17:40.815815Z');
INSERT INTO "Categories" ("Id", "CreatedAt", "Description", "DescriptionArabic", "Icon", "IsActive", "Name", "NameArabic", "UpdatedAt")
VALUES (5, TIMESTAMPTZ '2025-08-25T22:17:40.815815Z', 'Technology and programming books', 'كتب التكنولوجيا والبرمجة', 'fas fa-laptop-code', TRUE, 'Technology', 'التكنولوجيا', TIMESTAMPTZ '2025-08-25T22:17:40.815815Z');
INSERT INTO "Categories" ("Id", "CreatedAt", "Description", "DescriptionArabic", "Icon", "IsActive", "Name", "NameArabic", "UpdatedAt")
VALUES (6, TIMESTAMPTZ '2025-08-25T22:17:40.815816Z', 'Philosophy and thought books', 'كتب الفلسفة والفكر', 'fas fa-brain', TRUE, 'Philosophy', 'الفلسفة', TIMESTAMPTZ '2025-08-25T22:17:40.815816Z');

INSERT INTO "Publishers" ("Id", "Address", "CreatedAt", "Email", "IsActive", "Name", "NameArabic", "Phone", "UpdatedAt", "Website")
VALUES (1, 'Cairo, Egypt', TIMESTAMPTZ '2025-08-25T22:17:40.815682Z', 'info@daralmaarif.com', TRUE, 'Dar Al-Ma''arif', 'دار المعارف', '+20123456789', TIMESTAMPTZ '2025-08-25T22:17:40.815692Z', 'www.daralmaarif.com');
INSERT INTO "Publishers" ("Id", "Address", "CreatedAt", "Email", "IsActive", "Name", "NameArabic", "Phone", "UpdatedAt", "Website")
VALUES (2, 'Cairo, Egypt', TIMESTAMPTZ '2025-08-25T22:17:40.8157Z', 'info@shorouk.com', TRUE, 'Dar Al-Shorouk', 'دار الشروق', '+20123456790', TIMESTAMPTZ '2025-08-25T22:17:40.8157Z', 'www.shorouk.com');
INSERT INTO "Publishers" ("Id", "Address", "CreatedAt", "Email", "IsActive", "Name", "NameArabic", "Phone", "UpdatedAt", "Website")
VALUES (3, 'Beirut, Lebanon', TIMESTAMPTZ '2025-08-25T22:17:40.815701Z', 'info@arabicbook.com', TRUE, 'Dar Al-Kitab Al-Arabi', 'دار الكتاب العربي', '+96112345678', TIMESTAMPTZ '2025-08-25T22:17:40.815701Z', 'www.arabicbook.com');
INSERT INTO "Publishers" ("Id", "Address", "CreatedAt", "Email", "IsActive", "Name", "NameArabic", "Phone", "UpdatedAt", "Website")
VALUES (4, 'Damascus, Syria', TIMESTAMPTZ '2025-08-25T22:17:40.815701Z', 'info@alfikr.com', TRUE, 'Dar Al-Fikr', 'دار الفكر', '+96312345678', TIMESTAMPTZ '2025-08-25T22:17:40.815701Z', 'www.alfikr.com');

INSERT INTO "Quizzes" ("Id", "Chapter", "CreatedAt", "CreatedBy", "Description", "DescriptionArabic", "Grade", "IsActive", "IsPublic", "PassingScore", "Subject", "TimeLimit", "Title", "TitleArabic", "TotalQuestions", "UpdatedAt")
VALUES (1, 'Algebra', TIMESTAMPTZ '2025-08-25T22:17:40.816522Z', NULL, 'Basic mathematics quiz for 10th grade students', 'كويز أساسيات الرياضيات لطلاب الصف العاشر', 'Grade 10', TRUE, TRUE, 60, 'Mathematics', 20, 'Mathematics Quiz - Grade 10', 'كويز الرياضيات - الصف العاشر', 5, TIMESTAMPTZ '2025-08-25T22:17:40.816532Z');
INSERT INTO "Quizzes" ("Id", "Chapter", "CreatedAt", "CreatedBy", "Description", "DescriptionArabic", "Grade", "IsActive", "IsPublic", "PassingScore", "Subject", "TimeLimit", "Title", "TitleArabic", "TotalQuestions", "UpdatedAt")
VALUES (2, 'Mechanics', TIMESTAMPTZ '2025-08-25T22:17:40.816542Z', NULL, 'Physics fundamentals for Tawjihi students', 'أساسيات الفيزياء لطلاب التوجيهي', 'Tawjihi', TRUE, TRUE, 70, 'Physics', 25, 'Physics Quiz - Tawjihi', 'كويز الفيزياء - التوجيهي', 6, TIMESTAMPTZ '2025-08-25T22:17:40.816542Z');
INSERT INTO "Quizzes" ("Id", "Chapter", "CreatedAt", "CreatedBy", "Description", "DescriptionArabic", "Grade", "IsActive", "IsPublic", "PassingScore", "Subject", "TimeLimit", "Title", "TitleArabic", "TotalQuestions", "UpdatedAt")
VALUES (3, 'Atomic Structure', TIMESTAMPTZ '2025-08-25T22:17:40.816542Z', NULL, 'Chemistry basics for 11th grade students', 'أساسيات الكيمياء لطلاب الصف الحادي عشر', 'Grade 11', TRUE, TRUE, 75, 'Chemistry', 15, 'Chemistry Quiz - Grade 11', 'كويز الكيمياء - الصف الحادي عشر', 4, TIMESTAMPTZ '2025-08-25T22:17:40.816542Z');

INSERT INTO "SystemSettings" ("Id", "Description", "SettingKey", "SettingValue", "UpdatedAt")
VALUES (1, 'Library WhatsApp contact number', 'WhatsAppPhoneNumber', '+962785462983', TIMESTAMPTZ '2025-08-25T22:17:40.816255Z');
INSERT INTO "SystemSettings" ("Id", "Description", "SettingKey", "SettingValue", "UpdatedAt")
VALUES (2, 'WhatsApp message template for book inquiries', 'WhatsAppMessageTemplate', 'مرحباً، أود الاستفسار عن توفر كتاب: {BookTitle} - {BookAuthor}', TIMESTAMPTZ '2025-08-25T22:17:40.816289Z');
INSERT INTO "SystemSettings" ("Id", "Description", "SettingKey", "SettingValue", "UpdatedAt")
VALUES (3, 'Library name', 'LibraryName', 'ROYAL STUDY', TIMESTAMPTZ '2025-08-25T22:17:40.816289Z');
INSERT INTO "SystemSettings" ("Id", "Description", "SettingKey", "SettingValue", "UpdatedAt")
VALUES (4, 'Library name in English', 'LibraryNameEnglish', 'ROYAL STUDY', TIMESTAMPTZ '2025-08-25T22:17:40.816289Z');
INSERT INTO "SystemSettings" ("Id", "Description", "SettingKey", "SettingValue", "UpdatedAt")
VALUES (5, 'Library contact email', 'ContactEmail', 'info@royalstudy.com', TIMESTAMPTZ '2025-08-25T22:17:40.81629Z');
INSERT INTO "SystemSettings" ("Id", "Description", "SettingKey", "SettingValue", "UpdatedAt")
VALUES (6, 'Library contact phone', 'ContactPhone', '+962785462983', TIMESTAMPTZ '2025-08-25T22:17:40.81629Z');
INSERT INTO "SystemSettings" ("Id", "Description", "SettingKey", "SettingValue", "UpdatedAt")
VALUES (7, 'Library address', 'LibraryAddress', 'إربد، الأردن', TIMESTAMPTZ '2025-08-25T22:17:40.81629Z');
INSERT INTO "SystemSettings" ("Id", "Description", "SettingKey", "SettingValue", "UpdatedAt")
VALUES (8, 'Library address in English', 'LibraryAddressEnglish', 'Irbid, Jordan', TIMESTAMPTZ '2025-08-25T22:17:40.81629Z');
INSERT INTO "SystemSettings" ("Id", "Description", "SettingKey", "SettingValue", "UpdatedAt")
VALUES (9, 'Library currency', 'Currency', 'د.أ', TIMESTAMPTZ '2025-08-25T22:17:40.81629Z');
INSERT INTO "SystemSettings" ("Id", "Description", "SettingKey", "SettingValue", "UpdatedAt")
VALUES (10, 'Library currency in English', 'CurrencyEnglish', 'JOD', TIMESTAMPTZ '2025-08-25T22:17:40.81629Z');

INSERT INTO "Books" ("Id", "AuthorId", "CategoryId", "CoverImageUrl", "CreatedAt", "Description", "DescriptionArabic", "ISBN", "IsAvailable", "IsFeatured", "Language", "OriginalPrice", "Pages", "Price", "PublicationDate", "PublisherId", "Rating", "RatingCount", "StockQuantity", "Title", "TitleArabic", "UpdatedAt", "ViewCount")
VALUES (1, 5, 6, NULL, TIMESTAMPTZ '2025-08-25T22:17:40.816168Z', 'A book of 26 prose poetry essays written in English by the Lebanese-American poet and writer Kahlil Gibran', 'كتاب يحتوي على 26 مقالة شعرية نثرية كتبها الشاعر والكاتب اللبناني الأمريكي جبران خليل جبران', '978-0-394-71585-9', TRUE, TRUE, 'Arabic', 50.0, NULL, 45.0, NULL, 3, 4.8, 150, 25, 'The Prophet', 'النبي', TIMESTAMPTZ '2025-08-25T22:17:40.816176Z', 500);

INSERT INTO "Books" ("Id", "AuthorId", "CategoryId", "CoverImageUrl", "CreatedAt", "Description", "DescriptionArabic", "ISBN", "IsAvailable", "IsNewRelease", "Language", "OriginalPrice", "Pages", "Price", "PublicationDate", "PublisherId", "Rating", "RatingCount", "StockQuantity", "Title", "TitleArabic", "UpdatedAt", "ViewCount")
VALUES (2, 2, 1, NULL, TIMESTAMPTZ '2025-08-25T22:17:40.816184Z', 'An autobiographical novel by Taha Hussein', 'رواية سيرة ذاتية لطه حسين', '978-977-02-1234-5', TRUE, TRUE, 'Arabic', 40.0, NULL, 35.0, NULL, 1, 4.5, 89, 15, 'The Days', 'الأيام', TIMESTAMPTZ '2025-08-25T22:17:40.816184Z', 320);

INSERT INTO "Books" ("Id", "AuthorId", "CategoryId", "CoverImageUrl", "CreatedAt", "Description", "DescriptionArabic", "ISBN", "IsAvailable", "Language", "OriginalPrice", "Pages", "Price", "PublicationDate", "PublisherId", "Rating", "RatingCount", "StockQuantity", "Title", "TitleArabic", "UpdatedAt", "ViewCount")
VALUES (3, 3, 6, NULL, TIMESTAMPTZ '2025-08-25T22:17:40.816185Z', 'An introduction to the philosophy of science', 'مقدمة في فلسفة العلوم', '978-977-09-5678-9', TRUE, 'Arabic', 60.0, NULL, 55.0, NULL, 2, 4.2, 45, 8, 'Philosophy of Science', 'فلسفة العلوم', TIMESTAMPTZ '2025-08-25T22:17:40.816185Z', 180);

INSERT INTO "Books" ("Id", "AuthorId", "CategoryId", "CoverImageUrl", "CreatedAt", "Description", "DescriptionArabic", "ISBN", "IsAvailable", "IsFeatured", "Language", "OriginalPrice", "Pages", "Price", "PublicationDate", "PublisherId", "Rating", "RatingCount", "StockQuantity", "Title", "TitleArabic", "UpdatedAt", "ViewCount")
VALUES (4, 4, 1, NULL, TIMESTAMPTZ '2025-08-25T22:17:40.816187Z', 'A novel by Nobel Prize winner Naguib Mahfouz', 'رواية للكاتب نجيب محفوظ الحائز على جائزة نوبل', '978-977-02-9012-3', TRUE, TRUE, 'Arabic', 45.0, NULL, 40.0, NULL, 1, 4.7, 120, 12, 'Children of Gebelawi', 'أولاد حارتنا', TIMESTAMPTZ '2025-08-25T22:17:40.816187Z', 450);

INSERT INTO "Books" ("Id", "AuthorId", "CategoryId", "CoverImageUrl", "CreatedAt", "Description", "DescriptionArabic", "ISBN", "IsAvailable", "Language", "OriginalPrice", "Pages", "Price", "PublicationDate", "PublisherId", "Rating", "RatingCount", "StockQuantity", "Title", "TitleArabic", "UpdatedAt", "ViewCount")
VALUES (5, 1, 1, NULL, TIMESTAMPTZ '2025-08-25T22:17:40.816187Z', 'Collection of poems by Ahmed Shawqi', 'مجموعة شعرية لأحمد شوقي', '978-963-12-3456-7', TRUE, 'Arabic', 35.0, NULL, 30.0, NULL, 4, 4.3, 67, 20, 'Poetry Collection', 'ديوان شعر', TIMESTAMPTZ '2025-08-25T22:17:40.816187Z', 250);

INSERT INTO "QuizQuestions" ("Id", "CreatedAt", "Explanation", "ExplanationArabic", "OrderIndex", "Points", "QuestionText", "QuestionTextArabic", "QuizId", "UpdatedAt")
VALUES (1, TIMESTAMPTZ '2025-08-25T22:17:40.816708Z', NULL, NULL, 1, 1, 'What is the value of x in the equation 2x + 5 = 13?', 'ما قيمة س في المعادلة 2س + 5 = 13؟', 1, TIMESTAMPTZ '2025-08-25T22:17:40.816717Z');
INSERT INTO "QuizQuestions" ("Id", "CreatedAt", "Explanation", "ExplanationArabic", "OrderIndex", "Points", "QuestionText", "QuestionTextArabic", "QuizId", "UpdatedAt")
VALUES (2, TIMESTAMPTZ '2025-08-25T22:17:40.816726Z', NULL, NULL, 2, 1, 'Solve: 3x - 7 = 8', 'حل المعادلة: 3س - 7 = 8', 1, TIMESTAMPTZ '2025-08-25T22:17:40.816726Z');

INSERT INTO "QuizQuestions" ("Id", "CreatedAt", "Explanation", "ExplanationArabic", "OrderIndex", "Points", "QuestionText", "QuestionTextArabic", "QuizId", "Type", "UpdatedAt")
VALUES (3, TIMESTAMPTZ '2025-08-25T22:17:40.816726Z', NULL, NULL, 3, 1, 'The square root of 16 is 4', 'الجذر التربيعي لـ 16 هو 4', 1, 1, TIMESTAMPTZ '2025-08-25T22:17:40.816726Z');

INSERT INTO "QuizQuestions" ("Id", "CreatedAt", "Explanation", "ExplanationArabic", "OrderIndex", "Points", "QuestionText", "QuestionTextArabic", "QuizId", "UpdatedAt")
VALUES (4, TIMESTAMPTZ '2025-08-25T22:17:40.816726Z', NULL, NULL, 4, 1, 'What is 15% of 200?', 'ما هو 15% من 200؟', 1, TIMESTAMPTZ '2025-08-25T22:17:40.816726Z');

INSERT INTO "QuizQuestions" ("Id", "CreatedAt", "Explanation", "ExplanationArabic", "OrderIndex", "Points", "QuestionText", "QuestionTextArabic", "QuizId", "Type", "UpdatedAt")
VALUES (5, TIMESTAMPTZ '2025-08-25T22:17:40.816727Z', NULL, NULL, 5, 1, 'The sum of angles in a triangle is 180 degrees', 'مجموع زوايا المثلث 180 درجة', 1, 1, TIMESTAMPTZ '2025-08-25T22:17:40.816727Z');

INSERT INTO "QuizQuestions" ("Id", "CreatedAt", "Explanation", "ExplanationArabic", "OrderIndex", "Points", "QuestionText", "QuestionTextArabic", "QuizId", "UpdatedAt")
VALUES (6, TIMESTAMPTZ '2025-08-25T22:17:40.816759Z', NULL, NULL, 1, 1, 'What is the SI unit of force?', 'ما هي وحدة القوة في النظام الدولي؟', 2, TIMESTAMPTZ '2025-08-25T22:17:40.81676Z');

INSERT INTO "QuizQuestions" ("Id", "CreatedAt", "Explanation", "ExplanationArabic", "OrderIndex", "Points", "QuestionText", "QuestionTextArabic", "QuizId", "Type", "UpdatedAt")
VALUES (7, TIMESTAMPTZ '2025-08-25T22:17:40.81676Z', NULL, NULL, 2, 1, 'Newton''s first law is also known as the law of inertia', 'قانون نيوتن الأول يعرف أيضاً بقانون القصور الذاتي', 2, 1, TIMESTAMPTZ '2025-08-25T22:17:40.81676Z');

INSERT INTO "QuizQuestions" ("Id", "CreatedAt", "Explanation", "ExplanationArabic", "OrderIndex", "Points", "QuestionText", "QuestionTextArabic", "QuizId", "UpdatedAt")
VALUES (8, TIMESTAMPTZ '2025-08-25T22:17:40.81676Z', NULL, NULL, 3, 1, 'What is the formula for kinetic energy?', 'ما هي معادلة الطاقة الحركية؟', 2, TIMESTAMPTZ '2025-08-25T22:17:40.81676Z');

INSERT INTO "QuizQuestions" ("Id", "CreatedAt", "Explanation", "ExplanationArabic", "OrderIndex", "Points", "QuestionText", "QuestionTextArabic", "QuizId", "Type", "UpdatedAt")
VALUES (9, TIMESTAMPTZ '2025-08-25T22:17:40.81676Z', NULL, NULL, 4, 1, 'Gravity is a force that pulls objects toward the center of the Earth', 'الجاذبية قوة تجذب الأجسام نحو مركز الأرض', 2, 1, TIMESTAMPTZ '2025-08-25T22:17:40.81676Z');

INSERT INTO "QuizQuestions" ("Id", "CreatedAt", "Explanation", "ExplanationArabic", "OrderIndex", "Points", "QuestionText", "QuestionTextArabic", "QuizId", "UpdatedAt")
VALUES (10, TIMESTAMPTZ '2025-08-25T22:17:40.816761Z', NULL, NULL, 5, 1, 'What is the unit of power?', 'ما هي وحدة القدرة؟', 2, TIMESTAMPTZ '2025-08-25T22:17:40.816761Z');

INSERT INTO "QuizQuestions" ("Id", "CreatedAt", "Explanation", "ExplanationArabic", "OrderIndex", "Points", "QuestionText", "QuestionTextArabic", "QuizId", "Type", "UpdatedAt")
VALUES (11, TIMESTAMPTZ '2025-08-25T22:17:40.816771Z', NULL, NULL, 6, 1, 'Velocity is a scalar quantity', 'السرعة كمية قياسية', 2, 1, TIMESTAMPTZ '2025-08-25T22:17:40.816771Z');

INSERT INTO "QuizQuestions" ("Id", "CreatedAt", "Explanation", "ExplanationArabic", "OrderIndex", "Points", "QuestionText", "QuestionTextArabic", "QuizId", "UpdatedAt")
VALUES (12, TIMESTAMPTZ '2025-08-25T22:17:40.816775Z', NULL, NULL, 1, 1, 'What is the atomic number of hydrogen?', 'ما هو العدد الذري للهيدروجين؟', 3, TIMESTAMPTZ '2025-08-25T22:17:40.816775Z');

INSERT INTO "QuizQuestions" ("Id", "CreatedAt", "Explanation", "ExplanationArabic", "OrderIndex", "Points", "QuestionText", "QuestionTextArabic", "QuizId", "Type", "UpdatedAt")
VALUES (13, TIMESTAMPTZ '2025-08-25T22:17:40.816775Z', NULL, NULL, 2, 1, 'The nucleus contains protons and neutrons', 'النواة تحتوي على البروتونات والنيوترونات', 3, 1, TIMESTAMPTZ '2025-08-25T22:17:40.816775Z');

INSERT INTO "QuizQuestions" ("Id", "CreatedAt", "Explanation", "ExplanationArabic", "OrderIndex", "Points", "QuestionText", "QuestionTextArabic", "QuizId", "UpdatedAt")
VALUES (14, TIMESTAMPTZ '2025-08-25T22:17:40.816776Z', NULL, NULL, 3, 1, 'What is the chemical symbol for gold?', 'ما هو الرمز الكيميائي للذهب؟', 3, TIMESTAMPTZ '2025-08-25T22:17:40.816776Z');

INSERT INTO "QuizQuestions" ("Id", "CreatedAt", "Explanation", "ExplanationArabic", "OrderIndex", "Points", "QuestionText", "QuestionTextArabic", "QuizId", "Type", "UpdatedAt")
VALUES (15, TIMESTAMPTZ '2025-08-25T22:17:40.816776Z', NULL, NULL, 4, 1, 'Electrons have a positive charge', 'الإلكترونات لها شحنة موجبة', 3, 1, TIMESTAMPTZ '2025-08-25T22:17:40.816776Z');

INSERT INTO "QuestionOptions" ("Id", "CreatedAt", "IsCorrect", "OptionText", "OptionTextArabic", "OrderIndex", "QuestionId", "UpdatedAt")
VALUES (1, TIMESTAMPTZ '2025-08-25T22:17:40.816883Z', TRUE, '4', '4', 1, 1, TIMESTAMPTZ '2025-08-25T22:17:40.816892Z');

INSERT INTO "QuestionOptions" ("Id", "CreatedAt", "OptionText", "OptionTextArabic", "OrderIndex", "QuestionId", "UpdatedAt")
VALUES (2, TIMESTAMPTZ '2025-08-25T22:17:40.8169Z', '6', '6', 2, 1, TIMESTAMPTZ '2025-08-25T22:17:40.8169Z');
INSERT INTO "QuestionOptions" ("Id", "CreatedAt", "OptionText", "OptionTextArabic", "OrderIndex", "QuestionId", "UpdatedAt")
VALUES (3, TIMESTAMPTZ '2025-08-25T22:17:40.8169Z', '8', '8', 3, 1, TIMESTAMPTZ '2025-08-25T22:17:40.8169Z');
INSERT INTO "QuestionOptions" ("Id", "CreatedAt", "OptionText", "OptionTextArabic", "OrderIndex", "QuestionId", "UpdatedAt")
VALUES (4, TIMESTAMPTZ '2025-08-25T22:17:40.8169Z', '10', '10', 4, 1, TIMESTAMPTZ '2025-08-25T22:17:40.8169Z');

INSERT INTO "QuestionOptions" ("Id", "CreatedAt", "IsCorrect", "OptionText", "OptionTextArabic", "OrderIndex", "QuestionId", "UpdatedAt")
VALUES (5, TIMESTAMPTZ '2025-08-25T22:17:40.816901Z', TRUE, '5', '5', 1, 2, TIMESTAMPTZ '2025-08-25T22:17:40.816901Z');

INSERT INTO "QuestionOptions" ("Id", "CreatedAt", "OptionText", "OptionTextArabic", "OrderIndex", "QuestionId", "UpdatedAt")
VALUES (6, TIMESTAMPTZ '2025-08-25T22:17:40.816901Z', '3', '3', 2, 2, TIMESTAMPTZ '2025-08-25T22:17:40.816901Z');
INSERT INTO "QuestionOptions" ("Id", "CreatedAt", "OptionText", "OptionTextArabic", "OrderIndex", "QuestionId", "UpdatedAt")
VALUES (7, TIMESTAMPTZ '2025-08-25T22:17:40.816901Z', '7', '7', 3, 2, TIMESTAMPTZ '2025-08-25T22:17:40.816901Z');
INSERT INTO "QuestionOptions" ("Id", "CreatedAt", "OptionText", "OptionTextArabic", "OrderIndex", "QuestionId", "UpdatedAt")
VALUES (8, TIMESTAMPTZ '2025-08-25T22:17:40.816901Z', '9', '9', 4, 2, TIMESTAMPTZ '2025-08-25T22:17:40.816901Z');

INSERT INTO "QuestionOptions" ("Id", "CreatedAt", "IsCorrect", "OptionText", "OptionTextArabic", "OrderIndex", "QuestionId", "UpdatedAt")
VALUES (9, TIMESTAMPTZ '2025-08-25T22:17:40.816905Z', TRUE, '30', '30', 1, 4, TIMESTAMPTZ '2025-08-25T22:17:40.816905Z');

INSERT INTO "QuestionOptions" ("Id", "CreatedAt", "OptionText", "OptionTextArabic", "OrderIndex", "QuestionId", "UpdatedAt")
VALUES (10, TIMESTAMPTZ '2025-08-25T22:17:40.816905Z', '25', '25', 2, 4, TIMESTAMPTZ '2025-08-25T22:17:40.816905Z');
INSERT INTO "QuestionOptions" ("Id", "CreatedAt", "OptionText", "OptionTextArabic", "OrderIndex", "QuestionId", "UpdatedAt")
VALUES (11, TIMESTAMPTZ '2025-08-25T22:17:40.816905Z', '35', '35', 3, 4, TIMESTAMPTZ '2025-08-25T22:17:40.816905Z');
INSERT INTO "QuestionOptions" ("Id", "CreatedAt", "OptionText", "OptionTextArabic", "OrderIndex", "QuestionId", "UpdatedAt")
VALUES (12, TIMESTAMPTZ '2025-08-25T22:17:40.816905Z', '40', '40', 4, 4, TIMESTAMPTZ '2025-08-25T22:17:40.816905Z');

INSERT INTO "QuestionOptions" ("Id", "CreatedAt", "IsCorrect", "OptionText", "OptionTextArabic", "OrderIndex", "QuestionId", "UpdatedAt")
VALUES (13, TIMESTAMPTZ '2025-08-25T22:17:40.816926Z', TRUE, 'Newton', 'نيوتن', 1, 6, TIMESTAMPTZ '2025-08-25T22:17:40.816926Z');

INSERT INTO "QuestionOptions" ("Id", "CreatedAt", "OptionText", "OptionTextArabic", "OrderIndex", "QuestionId", "UpdatedAt")
VALUES (14, TIMESTAMPTZ '2025-08-25T22:17:40.816926Z', 'Joule', 'جول', 2, 6, TIMESTAMPTZ '2025-08-25T22:17:40.816926Z');
INSERT INTO "QuestionOptions" ("Id", "CreatedAt", "OptionText", "OptionTextArabic", "OrderIndex", "QuestionId", "UpdatedAt")
VALUES (15, TIMESTAMPTZ '2025-08-25T22:17:40.816926Z', 'Watt', 'واط', 3, 6, TIMESTAMPTZ '2025-08-25T22:17:40.816926Z');
INSERT INTO "QuestionOptions" ("Id", "CreatedAt", "OptionText", "OptionTextArabic", "OrderIndex", "QuestionId", "UpdatedAt")
VALUES (16, TIMESTAMPTZ '2025-08-25T22:17:40.816927Z', 'Pascal', 'باسكال', 4, 6, TIMESTAMPTZ '2025-08-25T22:17:40.816927Z');

INSERT INTO "QuestionOptions" ("Id", "CreatedAt", "IsCorrect", "OptionText", "OptionTextArabic", "OrderIndex", "QuestionId", "UpdatedAt")
VALUES (17, TIMESTAMPTZ '2025-08-25T22:17:40.816927Z', TRUE, 'KE = 1/2 mv²', 'ط ح = 1/2 ك ع²', 1, 8, TIMESTAMPTZ '2025-08-25T22:17:40.816927Z');

INSERT INTO "QuestionOptions" ("Id", "CreatedAt", "OptionText", "OptionTextArabic", "OrderIndex", "QuestionId", "UpdatedAt")
VALUES (18, TIMESTAMPTZ '2025-08-25T22:17:40.816927Z', 'KE = mv', 'ط ح = ك ع', 2, 8, TIMESTAMPTZ '2025-08-25T22:17:40.816927Z');
INSERT INTO "QuestionOptions" ("Id", "CreatedAt", "OptionText", "OptionTextArabic", "OrderIndex", "QuestionId", "UpdatedAt")
VALUES (19, TIMESTAMPTZ '2025-08-25T22:17:40.816927Z', 'KE = mgh', 'ط ح = ك ج ع', 3, 8, TIMESTAMPTZ '2025-08-25T22:17:40.816927Z');
INSERT INTO "QuestionOptions" ("Id", "CreatedAt", "OptionText", "OptionTextArabic", "OrderIndex", "QuestionId", "UpdatedAt")
VALUES (20, TIMESTAMPTZ '2025-08-25T22:17:40.816928Z', 'KE = Fd', 'ط ح = ق ف', 4, 8, TIMESTAMPTZ '2025-08-25T22:17:40.816928Z');

INSERT INTO "QuestionOptions" ("Id", "CreatedAt", "IsCorrect", "OptionText", "OptionTextArabic", "OrderIndex", "QuestionId", "UpdatedAt")
VALUES (21, TIMESTAMPTZ '2025-08-25T22:17:40.816928Z', TRUE, 'Watt', 'واط', 1, 10, TIMESTAMPTZ '2025-08-25T22:17:40.816928Z');

INSERT INTO "QuestionOptions" ("Id", "CreatedAt", "OptionText", "OptionTextArabic", "OrderIndex", "QuestionId", "UpdatedAt")
VALUES (22, TIMESTAMPTZ '2025-08-25T22:17:40.816928Z', 'Joule', 'جول', 2, 10, TIMESTAMPTZ '2025-08-25T22:17:40.816928Z');
INSERT INTO "QuestionOptions" ("Id", "CreatedAt", "OptionText", "OptionTextArabic", "OrderIndex", "QuestionId", "UpdatedAt")
VALUES (23, TIMESTAMPTZ '2025-08-25T22:17:40.816928Z', 'Newton', 'نيوتن', 3, 10, TIMESTAMPTZ '2025-08-25T22:17:40.816928Z');
INSERT INTO "QuestionOptions" ("Id", "CreatedAt", "OptionText", "OptionTextArabic", "OrderIndex", "QuestionId", "UpdatedAt")
VALUES (24, TIMESTAMPTZ '2025-08-25T22:17:40.816929Z', 'Meter', 'متر', 4, 10, TIMESTAMPTZ '2025-08-25T22:17:40.816929Z');

INSERT INTO "QuestionOptions" ("Id", "CreatedAt", "IsCorrect", "OptionText", "OptionTextArabic", "OrderIndex", "QuestionId", "UpdatedAt")
VALUES (25, TIMESTAMPTZ '2025-08-25T22:17:40.816931Z', TRUE, '1', '1', 1, 12, TIMESTAMPTZ '2025-08-25T22:17:40.816931Z');

INSERT INTO "QuestionOptions" ("Id", "CreatedAt", "OptionText", "OptionTextArabic", "OrderIndex", "QuestionId", "UpdatedAt")
VALUES (26, TIMESTAMPTZ '2025-08-25T22:17:40.816931Z', '2', '2', 2, 12, TIMESTAMPTZ '2025-08-25T22:17:40.816931Z');
INSERT INTO "QuestionOptions" ("Id", "CreatedAt", "OptionText", "OptionTextArabic", "OrderIndex", "QuestionId", "UpdatedAt")
VALUES (27, TIMESTAMPTZ '2025-08-25T22:17:40.816931Z', '3', '3', 3, 12, TIMESTAMPTZ '2025-08-25T22:17:40.816931Z');
INSERT INTO "QuestionOptions" ("Id", "CreatedAt", "OptionText", "OptionTextArabic", "OrderIndex", "QuestionId", "UpdatedAt")
VALUES (28, TIMESTAMPTZ '2025-08-25T22:17:40.816931Z', '4', '4', 4, 12, TIMESTAMPTZ '2025-08-25T22:17:40.816931Z');

INSERT INTO "QuestionOptions" ("Id", "CreatedAt", "IsCorrect", "OptionText", "OptionTextArabic", "OrderIndex", "QuestionId", "UpdatedAt")
VALUES (29, TIMESTAMPTZ '2025-08-25T22:17:40.816931Z', TRUE, 'Au', 'Au', 1, 14, TIMESTAMPTZ '2025-08-25T22:17:40.816931Z');

INSERT INTO "QuestionOptions" ("Id", "CreatedAt", "OptionText", "OptionTextArabic", "OrderIndex", "QuestionId", "UpdatedAt")
VALUES (30, TIMESTAMPTZ '2025-08-25T22:17:40.816932Z', 'Ag', 'Ag', 2, 14, TIMESTAMPTZ '2025-08-25T22:17:40.816932Z');
INSERT INTO "QuestionOptions" ("Id", "CreatedAt", "OptionText", "OptionTextArabic", "OrderIndex", "QuestionId", "UpdatedAt")
VALUES (31, TIMESTAMPTZ '2025-08-25T22:17:40.816932Z', 'Cu', 'Cu', 3, 14, TIMESTAMPTZ '2025-08-25T22:17:40.816932Z');
INSERT INTO "QuestionOptions" ("Id", "CreatedAt", "OptionText", "OptionTextArabic", "OrderIndex", "QuestionId", "UpdatedAt")
VALUES (32, TIMESTAMPTZ '2025-08-25T22:17:40.816932Z', 'Fe', 'Fe', 4, 14, TIMESTAMPTZ '2025-08-25T22:17:40.816932Z');

CREATE INDEX "IX_AspNetRoleClaims_RoleId" ON "AspNetRoleClaims" ("RoleId");

CREATE UNIQUE INDEX "RoleNameIndex" ON "AspNetRoles" ("NormalizedName");

CREATE INDEX "IX_AspNetUserClaims_UserId" ON "AspNetUserClaims" ("UserId");

CREATE INDEX "IX_AspNetUserLogins_UserId" ON "AspNetUserLogins" ("UserId");

CREATE INDEX "IX_AspNetUserRoles_RoleId" ON "AspNetUserRoles" ("RoleId");

CREATE INDEX "EmailIndex" ON "AspNetUsers" ("NormalizedEmail");

CREATE UNIQUE INDEX "UserNameIndex" ON "AspNetUsers" ("NormalizedUserName");

CREATE INDEX "IX_AttemptAnswers_AttemptId" ON "AttemptAnswers" ("AttemptId");

CREATE INDEX "IX_AttemptAnswers_QuestionId" ON "AttemptAnswers" ("QuestionId");

CREATE INDEX "IX_AttemptAnswers_SelectedOptionId" ON "AttemptAnswers" ("SelectedOptionId");

CREATE INDEX "IX_Authors_Name" ON "Authors" ("Name");

CREATE INDEX "IX_BookImages_BookId" ON "BookImages" ("BookId");

CREATE INDEX "IX_BookInquiries_BookId" ON "BookInquiries" ("BookId");

CREATE INDEX "IX_BookInquiries_CreatedAt" ON "BookInquiries" ("CreatedAt");

CREATE INDEX "IX_BookInquiries_Status" ON "BookInquiries" ("Status");

CREATE INDEX "IX_BookInquiries_UserId" ON "BookInquiries" ("UserId");

CREATE INDEX "IX_Books_AuthorId" ON "Books" ("AuthorId");

CREATE INDEX "IX_Books_CategoryId" ON "Books" ("CategoryId");

CREATE INDEX "IX_Books_IsAvailable" ON "Books" ("IsAvailable");

CREATE UNIQUE INDEX "IX_Books_ISBN" ON "Books" ("ISBN");

CREATE INDEX "IX_Books_IsFeatured" ON "Books" ("IsFeatured");

CREATE INDEX "IX_Books_IsNewRelease" ON "Books" ("IsNewRelease");

CREATE INDEX "IX_Books_PublisherId" ON "Books" ("PublisherId");

CREATE INDEX "IX_Books_Title" ON "Books" ("Title");

CREATE INDEX "IX_Categories_Name" ON "Categories" ("Name");

CREATE INDEX "IX_Publishers_Name" ON "Publishers" ("Name");

CREATE INDEX "IX_QuestionOptions_IsCorrect" ON "QuestionOptions" ("IsCorrect");

CREATE INDEX "IX_QuestionOptions_QuestionId" ON "QuestionOptions" ("QuestionId");

CREATE INDEX "IX_QuizAttempts_QuizId" ON "QuizAttempts" ("QuizId");

CREATE INDEX "IX_QuizAttempts_StartedAt" ON "QuizAttempts" ("StartedAt");

CREATE INDEX "IX_QuizAttempts_Status" ON "QuizAttempts" ("Status");

CREATE INDEX "IX_QuizAttempts_UserId" ON "QuizAttempts" ("UserId");

CREATE INDEX "IX_QuizQuestions_OrderIndex" ON "QuizQuestions" ("OrderIndex");

CREATE INDEX "IX_QuizQuestions_QuizId" ON "QuizQuestions" ("QuizId");

CREATE INDEX "IX_Quizzes_CreatedBy" ON "Quizzes" ("CreatedBy");

CREATE INDEX "IX_Quizzes_Grade" ON "Quizzes" ("Grade");

CREATE INDEX "IX_Quizzes_IsActive" ON "Quizzes" ("IsActive");

CREATE INDEX "IX_Quizzes_Subject" ON "Quizzes" ("Subject");

CREATE INDEX "IX_StudyMaterials_Category" ON "StudyMaterials" ("Category");

CREATE INDEX "IX_StudyMaterials_IsActive" ON "StudyMaterials" ("IsActive");

CREATE INDEX "IX_StudyMaterials_Subject" ON "StudyMaterials" ("Subject");

CREATE INDEX "IX_StudySchedules_Grade" ON "StudySchedules" ("Grade");

CREATE INDEX "IX_StudySchedules_IsActive" ON "StudySchedules" ("IsActive");

CREATE INDEX "IX_StudySchedules_Type" ON "StudySchedules" ("Type");

CREATE INDEX "IX_StudyTips_Category" ON "StudyTips" ("Category");

CREATE INDEX "IX_StudyTips_Grade" ON "StudyTips" ("Grade");

CREATE INDEX "IX_StudyTips_IsActive" ON "StudyTips" ("IsActive");

CREATE INDEX "IX_StudyTips_Subject" ON "StudyTips" ("Subject");

CREATE UNIQUE INDEX "IX_SystemSettings_SettingKey" ON "SystemSettings" ("SettingKey");

SELECT setval(
    pg_get_serial_sequence('"Authors"', 'Id'),
    GREATEST(
        (SELECT MAX("Id") FROM "Authors") + 1,
        nextval(pg_get_serial_sequence('"Authors"', 'Id'))),
    false);
SELECT setval(
    pg_get_serial_sequence('"Categories"', 'Id'),
    GREATEST(
        (SELECT MAX("Id") FROM "Categories") + 1,
        nextval(pg_get_serial_sequence('"Categories"', 'Id'))),
    false);
SELECT setval(
    pg_get_serial_sequence('"Publishers"', 'Id'),
    GREATEST(
        (SELECT MAX("Id") FROM "Publishers") + 1,
        nextval(pg_get_serial_sequence('"Publishers"', 'Id'))),
    false);
SELECT setval(
    pg_get_serial_sequence('"Quizzes"', 'Id'),
    GREATEST(
        (SELECT MAX("Id") FROM "Quizzes") + 1,
        nextval(pg_get_serial_sequence('"Quizzes"', 'Id'))),
    false);
SELECT setval(
    pg_get_serial_sequence('"SystemSettings"', 'Id'),
    GREATEST(
        (SELECT MAX("Id") FROM "SystemSettings") + 1,
        nextval(pg_get_serial_sequence('"SystemSettings"', 'Id'))),
    false);
SELECT setval(
    pg_get_serial_sequence('"Books"', 'Id'),
    GREATEST(
        (SELECT MAX("Id") FROM "Books") + 1,
        nextval(pg_get_serial_sequence('"Books"', 'Id'))),
    false);
SELECT setval(
    pg_get_serial_sequence('"QuizQuestions"', 'Id'),
    GREATEST(
        (SELECT MAX("Id") FROM "QuizQuestions") + 1,
        nextval(pg_get_serial_sequence('"QuizQuestions"', 'Id'))),
    false);
SELECT setval(
    pg_get_serial_sequence('"QuestionOptions"', 'Id'),
    GREATEST(
        (SELECT MAX("Id") FROM "QuestionOptions") + 1,
        nextval(pg_get_serial_sequence('"QuestionOptions"', 'Id'))),
    false);

INSERT INTO "__EFMigrationsHistory" ("MigrationId", "ProductVersion")
VALUES ('20250825221743_InitialCreate', '9.0.1');

UPDATE "Authors" SET "CreatedAt" = TIMESTAMPTZ '2025-08-25T23:13:20.004638Z', "UpdatedAt" = TIMESTAMPTZ '2025-08-25T23:13:20.004653Z'
WHERE "Id" = 1;

UPDATE "Authors" SET "CreatedAt" = TIMESTAMPTZ '2025-08-25T23:13:20.004666Z', "UpdatedAt" = TIMESTAMPTZ '2025-08-25T23:13:20.004666Z'
WHERE "Id" = 2;

UPDATE "Authors" SET "CreatedAt" = TIMESTAMPTZ '2025-08-25T23:13:20.004667Z', "UpdatedAt" = TIMESTAMPTZ '2025-08-25T23:13:20.004667Z'
WHERE "Id" = 3;

UPDATE "Authors" SET "CreatedAt" = TIMESTAMPTZ '2025-08-25T23:13:20.004667Z', "UpdatedAt" = TIMESTAMPTZ '2025-08-25T23:13:20.004667Z'
WHERE "Id" = 4;

UPDATE "Authors" SET "CreatedAt" = TIMESTAMPTZ '2025-08-25T23:13:20.004668Z', "UpdatedAt" = TIMESTAMPTZ '2025-08-25T23:13:20.004668Z'
WHERE "Id" = 5;

UPDATE "Books" SET "CreatedAt" = TIMESTAMPTZ '2025-08-25T23:13:20.006705Z', "UpdatedAt" = TIMESTAMPTZ '2025-08-25T23:13:20.006716Z'
WHERE "Id" = 1;

UPDATE "Books" SET "CreatedAt" = TIMESTAMPTZ '2025-08-25T23:13:20.006754Z', "UpdatedAt" = TIMESTAMPTZ '2025-08-25T23:13:20.006754Z'
WHERE "Id" = 2;

UPDATE "Books" SET "CreatedAt" = TIMESTAMPTZ '2025-08-25T23:13:20.006755Z', "UpdatedAt" = TIMESTAMPTZ '2025-08-25T23:13:20.006755Z'
WHERE "Id" = 3;

UPDATE "Books" SET "CreatedAt" = TIMESTAMPTZ '2025-08-25T23:13:20.006755Z', "UpdatedAt" = TIMESTAMPTZ '2025-08-25T23:13:20.006755Z'
WHERE "Id" = 4;

UPDATE "Books" SET "CreatedAt" = TIMESTAMPTZ '2025-08-25T23:13:20.006756Z', "UpdatedAt" = TIMESTAMPTZ '2025-08-25T23:13:20.006756Z'
WHERE "Id" = 5;

UPDATE "Categories" SET "CreatedAt" = TIMESTAMPTZ '2025-08-25T23:13:20.006168Z', "UpdatedAt" = TIMESTAMPTZ '2025-08-25T23:13:20.006168Z'
WHERE "Id" = 1;

UPDATE "Categories" SET "CreatedAt" = TIMESTAMPTZ '2025-08-25T23:13:20.006246Z', "UpdatedAt" = TIMESTAMPTZ '2025-08-25T23:13:20.006246Z'
WHERE "Id" = 2;

UPDATE "Categories" SET "CreatedAt" = TIMESTAMPTZ '2025-08-25T23:13:20.006246Z', "UpdatedAt" = TIMESTAMPTZ '2025-08-25T23:13:20.006246Z'
WHERE "Id" = 3;

UPDATE "Categories" SET "CreatedAt" = TIMESTAMPTZ '2025-08-25T23:13:20.006246Z', "UpdatedAt" = TIMESTAMPTZ '2025-08-25T23:13:20.006246Z'
WHERE "Id" = 4;

UPDATE "Categories" SET "CreatedAt" = TIMESTAMPTZ '2025-08-25T23:13:20.006246Z', "UpdatedAt" = TIMESTAMPTZ '2025-08-25T23:13:20.006247Z'
WHERE "Id" = 5;

UPDATE "Categories" SET "CreatedAt" = TIMESTAMPTZ '2025-08-25T23:13:20.006247Z', "UpdatedAt" = TIMESTAMPTZ '2025-08-25T23:13:20.006247Z'
WHERE "Id" = 6;

UPDATE "Publishers" SET "CreatedAt" = TIMESTAMPTZ '2025-08-25T23:13:20.00602Z', "UpdatedAt" = TIMESTAMPTZ '2025-08-25T23:13:20.006041Z'
WHERE "Id" = 1;

UPDATE "Publishers" SET "CreatedAt" = TIMESTAMPTZ '2025-08-25T23:13:20.006056Z', "UpdatedAt" = TIMESTAMPTZ '2025-08-25T23:13:20.006056Z'
WHERE "Id" = 2;

UPDATE "Publishers" SET "CreatedAt" = TIMESTAMPTZ '2025-08-25T23:13:20.006057Z', "UpdatedAt" = TIMESTAMPTZ '2025-08-25T23:13:20.006057Z'
WHERE "Id" = 3;

UPDATE "Publishers" SET "CreatedAt" = TIMESTAMPTZ '2025-08-25T23:13:20.006057Z', "UpdatedAt" = TIMESTAMPTZ '2025-08-25T23:13:20.006057Z'
WHERE "Id" = 4;

UPDATE "QuestionOptions" SET "CreatedAt" = TIMESTAMPTZ '2025-08-25T23:13:20.007726Z', "UpdatedAt" = TIMESTAMPTZ '2025-08-25T23:13:20.00774Z'
WHERE "Id" = 1;

UPDATE "QuestionOptions" SET "CreatedAt" = TIMESTAMPTZ '2025-08-25T23:13:20.007752Z', "UpdatedAt" = TIMESTAMPTZ '2025-08-25T23:13:20.007752Z'
WHERE "Id" = 2;

UPDATE "QuestionOptions" SET "CreatedAt" = TIMESTAMPTZ '2025-08-25T23:13:20.007752Z', "UpdatedAt" = TIMESTAMPTZ '2025-08-25T23:13:20.007752Z'
WHERE "Id" = 3;

UPDATE "QuestionOptions" SET "CreatedAt" = TIMESTAMPTZ '2025-08-25T23:13:20.007752Z', "UpdatedAt" = TIMESTAMPTZ '2025-08-25T23:13:20.007752Z'
WHERE "Id" = 4;

UPDATE "QuestionOptions" SET "CreatedAt" = TIMESTAMPTZ '2025-08-25T23:13:20.007753Z', "UpdatedAt" = TIMESTAMPTZ '2025-08-25T23:13:20.007753Z'
WHERE "Id" = 5;

UPDATE "QuestionOptions" SET "CreatedAt" = TIMESTAMPTZ '2025-08-25T23:13:20.007753Z', "UpdatedAt" = TIMESTAMPTZ '2025-08-25T23:13:20.007753Z'
WHERE "Id" = 6;

UPDATE "QuestionOptions" SET "CreatedAt" = TIMESTAMPTZ '2025-08-25T23:13:20.007753Z', "UpdatedAt" = TIMESTAMPTZ '2025-08-25T23:13:20.007753Z'
WHERE "Id" = 7;

UPDATE "QuestionOptions" SET "CreatedAt" = TIMESTAMPTZ '2025-08-25T23:13:20.007753Z', "UpdatedAt" = TIMESTAMPTZ '2025-08-25T23:13:20.007753Z'
WHERE "Id" = 8;

UPDATE "QuestionOptions" SET "CreatedAt" = TIMESTAMPTZ '2025-08-25T23:13:20.007754Z', "UpdatedAt" = TIMESTAMPTZ '2025-08-25T23:13:20.007754Z'
WHERE "Id" = 9;

UPDATE "QuestionOptions" SET "CreatedAt" = TIMESTAMPTZ '2025-08-25T23:13:20.007754Z', "UpdatedAt" = TIMESTAMPTZ '2025-08-25T23:13:20.007754Z'
WHERE "Id" = 10;

UPDATE "QuestionOptions" SET "CreatedAt" = TIMESTAMPTZ '2025-08-25T23:13:20.007754Z', "UpdatedAt" = TIMESTAMPTZ '2025-08-25T23:13:20.007754Z'
WHERE "Id" = 11;

UPDATE "QuestionOptions" SET "CreatedAt" = TIMESTAMPTZ '2025-08-25T23:13:20.007754Z', "UpdatedAt" = TIMESTAMPTZ '2025-08-25T23:13:20.007754Z'
WHERE "Id" = 12;

UPDATE "QuestionOptions" SET "CreatedAt" = TIMESTAMPTZ '2025-08-25T23:13:20.007782Z', "UpdatedAt" = TIMESTAMPTZ '2025-08-25T23:13:20.007782Z'
WHERE "Id" = 13;

UPDATE "QuestionOptions" SET "CreatedAt" = TIMESTAMPTZ '2025-08-25T23:13:20.007782Z', "UpdatedAt" = TIMESTAMPTZ '2025-08-25T23:13:20.007782Z'
WHERE "Id" = 14;

UPDATE "QuestionOptions" SET "CreatedAt" = TIMESTAMPTZ '2025-08-25T23:13:20.007785Z', "UpdatedAt" = TIMESTAMPTZ '2025-08-25T23:13:20.007785Z'
WHERE "Id" = 15;

UPDATE "QuestionOptions" SET "CreatedAt" = TIMESTAMPTZ '2025-08-25T23:13:20.007785Z', "UpdatedAt" = TIMESTAMPTZ '2025-08-25T23:13:20.007785Z'
WHERE "Id" = 16;

UPDATE "QuestionOptions" SET "CreatedAt" = TIMESTAMPTZ '2025-08-25T23:13:20.007785Z', "UpdatedAt" = TIMESTAMPTZ '2025-08-25T23:13:20.007785Z'
WHERE "Id" = 17;

UPDATE "QuestionOptions" SET "CreatedAt" = TIMESTAMPTZ '2025-08-25T23:13:20.007785Z', "UpdatedAt" = TIMESTAMPTZ '2025-08-25T23:13:20.007786Z'
WHERE "Id" = 18;

UPDATE "QuestionOptions" SET "CreatedAt" = TIMESTAMPTZ '2025-08-25T23:13:20.007786Z', "UpdatedAt" = TIMESTAMPTZ '2025-08-25T23:13:20.007786Z'
WHERE "Id" = 19;

UPDATE "QuestionOptions" SET "CreatedAt" = TIMESTAMPTZ '2025-08-25T23:13:20.007786Z', "UpdatedAt" = TIMESTAMPTZ '2025-08-25T23:13:20.007786Z'
WHERE "Id" = 20;

UPDATE "QuestionOptions" SET "CreatedAt" = TIMESTAMPTZ '2025-08-25T23:13:20.007786Z', "UpdatedAt" = TIMESTAMPTZ '2025-08-25T23:13:20.007786Z'
WHERE "Id" = 21;

UPDATE "QuestionOptions" SET "CreatedAt" = TIMESTAMPTZ '2025-08-25T23:13:20.007787Z', "UpdatedAt" = TIMESTAMPTZ '2025-08-25T23:13:20.007787Z'
WHERE "Id" = 22;

UPDATE "QuestionOptions" SET "CreatedAt" = TIMESTAMPTZ '2025-08-25T23:13:20.007787Z', "UpdatedAt" = TIMESTAMPTZ '2025-08-25T23:13:20.007787Z'
WHERE "Id" = 23;

UPDATE "QuestionOptions" SET "CreatedAt" = TIMESTAMPTZ '2025-08-25T23:13:20.007787Z', "UpdatedAt" = TIMESTAMPTZ '2025-08-25T23:13:20.007787Z'
WHERE "Id" = 24;

UPDATE "QuestionOptions" SET "CreatedAt" = TIMESTAMPTZ '2025-08-25T23:13:20.00779Z', "UpdatedAt" = TIMESTAMPTZ '2025-08-25T23:13:20.00779Z'
WHERE "Id" = 25;

UPDATE "QuestionOptions" SET "CreatedAt" = TIMESTAMPTZ '2025-08-25T23:13:20.00779Z', "UpdatedAt" = TIMESTAMPTZ '2025-08-25T23:13:20.00779Z'
WHERE "Id" = 26;

UPDATE "QuestionOptions" SET "CreatedAt" = TIMESTAMPTZ '2025-08-25T23:13:20.00779Z', "UpdatedAt" = TIMESTAMPTZ '2025-08-25T23:13:20.00779Z'
WHERE "Id" = 27;

UPDATE "QuestionOptions" SET "CreatedAt" = TIMESTAMPTZ '2025-08-25T23:13:20.00779Z', "UpdatedAt" = TIMESTAMPTZ '2025-08-25T23:13:20.00779Z'
WHERE "Id" = 28;

UPDATE "QuestionOptions" SET "CreatedAt" = TIMESTAMPTZ '2025-08-25T23:13:20.007791Z', "UpdatedAt" = TIMESTAMPTZ '2025-08-25T23:13:20.007791Z'
WHERE "Id" = 29;

UPDATE "QuestionOptions" SET "CreatedAt" = TIMESTAMPTZ '2025-08-25T23:13:20.007791Z', "UpdatedAt" = TIMESTAMPTZ '2025-08-25T23:13:20.007791Z'
WHERE "Id" = 30;

UPDATE "QuestionOptions" SET "CreatedAt" = TIMESTAMPTZ '2025-08-25T23:13:20.007791Z', "UpdatedAt" = TIMESTAMPTZ '2025-08-25T23:13:20.007791Z'
WHERE "Id" = 31;

UPDATE "QuestionOptions" SET "CreatedAt" = TIMESTAMPTZ '2025-08-25T23:13:20.007791Z', "UpdatedAt" = TIMESTAMPTZ '2025-08-25T23:13:20.007791Z'
WHERE "Id" = 32;

UPDATE "QuizQuestions" SET "CreatedAt" = TIMESTAMPTZ '2025-08-25T23:13:20.007561Z', "UpdatedAt" = TIMESTAMPTZ '2025-08-25T23:13:20.007572Z'
WHERE "Id" = 1;

UPDATE "QuizQuestions" SET "CreatedAt" = TIMESTAMPTZ '2025-08-25T23:13:20.007584Z', "UpdatedAt" = TIMESTAMPTZ '2025-08-25T23:13:20.007584Z'
WHERE "Id" = 2;

UPDATE "QuizQuestions" SET "CreatedAt" = TIMESTAMPTZ '2025-08-25T23:13:20.007587Z', "UpdatedAt" = TIMESTAMPTZ '2025-08-25T23:13:20.007587Z'
WHERE "Id" = 3;

UPDATE "QuizQuestions" SET "CreatedAt" = TIMESTAMPTZ '2025-08-25T23:13:20.007588Z', "UpdatedAt" = TIMESTAMPTZ '2025-08-25T23:13:20.007588Z'
WHERE "Id" = 4;

UPDATE "QuizQuestions" SET "CreatedAt" = TIMESTAMPTZ '2025-08-25T23:13:20.007588Z', "UpdatedAt" = TIMESTAMPTZ '2025-08-25T23:13:20.007588Z'
WHERE "Id" = 5;

UPDATE "QuizQuestions" SET "CreatedAt" = TIMESTAMPTZ '2025-08-25T23:13:20.007606Z', "UpdatedAt" = TIMESTAMPTZ '2025-08-25T23:13:20.007606Z'
WHERE "Id" = 6;

UPDATE "QuizQuestions" SET "CreatedAt" = TIMESTAMPTZ '2025-08-25T23:13:20.007606Z', "UpdatedAt" = TIMESTAMPTZ '2025-08-25T23:13:20.007606Z'
WHERE "Id" = 7;

UPDATE "QuizQuestions" SET "CreatedAt" = TIMESTAMPTZ '2025-08-25T23:13:20.007607Z', "UpdatedAt" = TIMESTAMPTZ '2025-08-25T23:13:20.007607Z'
WHERE "Id" = 8;

UPDATE "QuizQuestions" SET "CreatedAt" = TIMESTAMPTZ '2025-08-25T23:13:20.007607Z', "UpdatedAt" = TIMESTAMPTZ '2025-08-25T23:13:20.007607Z'
WHERE "Id" = 9;

UPDATE "QuizQuestions" SET "CreatedAt" = TIMESTAMPTZ '2025-08-25T23:13:20.007607Z', "UpdatedAt" = TIMESTAMPTZ '2025-08-25T23:13:20.007607Z'
WHERE "Id" = 10;

UPDATE "QuizQuestions" SET "CreatedAt" = TIMESTAMPTZ '2025-08-25T23:13:20.007608Z', "UpdatedAt" = TIMESTAMPTZ '2025-08-25T23:13:20.007608Z'
WHERE "Id" = 11;

UPDATE "QuizQuestions" SET "CreatedAt" = TIMESTAMPTZ '2025-08-25T23:13:20.00761Z', "UpdatedAt" = TIMESTAMPTZ '2025-08-25T23:13:20.00761Z'
WHERE "Id" = 12;

UPDATE "QuizQuestions" SET "CreatedAt" = TIMESTAMPTZ '2025-08-25T23:13:20.007611Z', "UpdatedAt" = TIMESTAMPTZ '2025-08-25T23:13:20.007611Z'
WHERE "Id" = 13;

UPDATE "QuizQuestions" SET "CreatedAt" = TIMESTAMPTZ '2025-08-25T23:13:20.007611Z', "UpdatedAt" = TIMESTAMPTZ '2025-08-25T23:13:20.007611Z'
WHERE "Id" = 14;

UPDATE "QuizQuestions" SET "CreatedAt" = TIMESTAMPTZ '2025-08-25T23:13:20.007612Z', "UpdatedAt" = TIMESTAMPTZ '2025-08-25T23:13:20.007612Z'
WHERE "Id" = 15;

UPDATE "Quizzes" SET "CreatedAt" = TIMESTAMPTZ '2025-08-25T23:13:20.007326Z', "UpdatedAt" = TIMESTAMPTZ '2025-08-25T23:13:20.00734Z'
WHERE "Id" = 1;

UPDATE "Quizzes" SET "CreatedAt" = TIMESTAMPTZ '2025-08-25T23:13:20.007352Z', "UpdatedAt" = TIMESTAMPTZ '2025-08-25T23:13:20.007352Z'
WHERE "Id" = 2;

UPDATE "Quizzes" SET "CreatedAt" = TIMESTAMPTZ '2025-08-25T23:13:20.007352Z', "UpdatedAt" = TIMESTAMPTZ '2025-08-25T23:13:20.007352Z'
WHERE "Id" = 3;

UPDATE "SystemSettings" SET "UpdatedAt" = TIMESTAMPTZ '2025-08-25T23:13:20.006931Z'
WHERE "Id" = 1;

UPDATE "SystemSettings" SET "UpdatedAt" = TIMESTAMPTZ '2025-08-25T23:13:20.007007Z'
WHERE "Id" = 2;

UPDATE "SystemSettings" SET "UpdatedAt" = TIMESTAMPTZ '2025-08-25T23:13:20.007007Z'
WHERE "Id" = 3;

UPDATE "SystemSettings" SET "UpdatedAt" = TIMESTAMPTZ '2025-08-25T23:13:20.007007Z'
WHERE "Id" = 4;

UPDATE "SystemSettings" SET "UpdatedAt" = TIMESTAMPTZ '2025-08-25T23:13:20.007007Z'
WHERE "Id" = 5;

UPDATE "SystemSettings" SET "UpdatedAt" = TIMESTAMPTZ '2025-08-25T23:13:20.007007Z'
WHERE "Id" = 6;

UPDATE "SystemSettings" SET "UpdatedAt" = TIMESTAMPTZ '2025-08-25T23:13:20.007007Z'
WHERE "Id" = 7;

UPDATE "SystemSettings" SET "UpdatedAt" = TIMESTAMPTZ '2025-08-25T23:13:20.007008Z'
WHERE "Id" = 8;

UPDATE "SystemSettings" SET "UpdatedAt" = TIMESTAMPTZ '2025-08-25T23:13:20.007008Z'
WHERE "Id" = 9;

UPDATE "SystemSettings" SET "UpdatedAt" = TIMESTAMPTZ '2025-08-25T23:13:20.007008Z'
WHERE "Id" = 10;

INSERT INTO "__EFMigrationsHistory" ("MigrationId", "ProductVersion")
VALUES ('20250825231321_UpdateBookConstraints', '9.0.1');

CREATE TABLE "Products" (
    "Id" integer GENERATED BY DEFAULT AS IDENTITY,
    "Title" character varying(200) NOT NULL,
    "TitleArabic" character varying(200),
    "SKU" character varying(20),
    "Description" text,
    "DescriptionArabic" text,
    "ProductType" character varying(50) NOT NULL DEFAULT 'Book',
    "AuthorId" integer,
    "PublisherId" integer,
    "CategoryId" integer,
    "Grade" character varying(50),
    "Subject" character varying(50),
    "PublicationDate" timestamp with time zone,
    "Pages" integer,
    "Language" character varying(20) NOT NULL DEFAULT 'Arabic',
    "Price" numeric(10,2),
    "OriginalPrice" numeric(10,2),
    "StockQuantity" integer NOT NULL DEFAULT 0,
    "CoverImageUrl" character varying(500),
    "IsAvailable" boolean NOT NULL DEFAULT TRUE,
    "IsFeatured" boolean NOT NULL DEFAULT FALSE,
    "IsNewRelease" boolean NOT NULL DEFAULT FALSE,
    "Rating" numeric(3,2) NOT NULL DEFAULT 0.0,
    "RatingCount" integer NOT NULL DEFAULT 0,
    "ViewCount" integer NOT NULL DEFAULT 0,
    "CreatedAt" timestamp with time zone NOT NULL DEFAULT (CURRENT_TIMESTAMP),
    "UpdatedAt" timestamp with time zone NOT NULL DEFAULT (CURRENT_TIMESTAMP),
    CONSTRAINT "PK_Products" PRIMARY KEY ("Id"),
    CONSTRAINT "FK_Products_Authors_AuthorId" FOREIGN KEY ("AuthorId") REFERENCES "Authors" ("Id") ON DELETE SET NULL,
    CONSTRAINT "FK_Products_Categories_CategoryId" FOREIGN KEY ("CategoryId") REFERENCES "Categories" ("Id") ON DELETE SET NULL,
    CONSTRAINT "FK_Products_Publishers_PublisherId" FOREIGN KEY ("PublisherId") REFERENCES "Publishers" ("Id") ON DELETE SET NULL
);

CREATE TABLE "ProductImages" (
    "Id" integer GENERATED BY DEFAULT AS IDENTITY,
    "ProductId" integer NOT NULL,
    "ImageUrl" character varying(500) NOT NULL,
    "ImageType" character varying(50) NOT NULL DEFAULT 'Gallery',
    "DisplayOrder" integer NOT NULL DEFAULT 0,
    "IsActive" boolean NOT NULL DEFAULT TRUE,
    "CreatedAt" timestamp with time zone NOT NULL DEFAULT (CURRENT_TIMESTAMP),
    CONSTRAINT "PK_ProductImages" PRIMARY KEY ("Id"),
    CONSTRAINT "FK_ProductImages_Products_ProductId" FOREIGN KEY ("ProductId") REFERENCES "Products" ("Id") ON DELETE CASCADE
);

UPDATE "Authors" SET "CreatedAt" = TIMESTAMPTZ '2025-08-30T12:52:42.906205Z', "UpdatedAt" = TIMESTAMPTZ '2025-08-30T12:52:42.906214Z'
WHERE "Id" = 1;

UPDATE "Authors" SET "CreatedAt" = TIMESTAMPTZ '2025-08-30T12:52:42.906222Z', "UpdatedAt" = TIMESTAMPTZ '2025-08-30T12:52:42.906222Z'
WHERE "Id" = 2;

UPDATE "Authors" SET "CreatedAt" = TIMESTAMPTZ '2025-08-30T12:52:42.906222Z', "UpdatedAt" = TIMESTAMPTZ '2025-08-30T12:52:42.906222Z'
WHERE "Id" = 3;

UPDATE "Authors" SET "CreatedAt" = TIMESTAMPTZ '2025-08-30T12:52:42.906222Z', "UpdatedAt" = TIMESTAMPTZ '2025-08-30T12:52:42.906222Z'
WHERE "Id" = 4;

UPDATE "Authors" SET "CreatedAt" = TIMESTAMPTZ '2025-08-30T12:52:42.906223Z', "UpdatedAt" = TIMESTAMPTZ '2025-08-30T12:52:42.906223Z'
WHERE "Id" = 5;

UPDATE "Books" SET "CreatedAt" = TIMESTAMPTZ '2025-08-30T12:52:42.907591Z', "UpdatedAt" = TIMESTAMPTZ '2025-08-30T12:52:42.907599Z'
WHERE "Id" = 1;

UPDATE "Books" SET "CreatedAt" = TIMESTAMPTZ '2025-08-30T12:52:42.907609Z', "UpdatedAt" = TIMESTAMPTZ '2025-08-30T12:52:42.907609Z'
WHERE "Id" = 2;

UPDATE "Books" SET "CreatedAt" = TIMESTAMPTZ '2025-08-30T12:52:42.90761Z', "UpdatedAt" = TIMESTAMPTZ '2025-08-30T12:52:42.90761Z'
WHERE "Id" = 3;

UPDATE "Books" SET "CreatedAt" = TIMESTAMPTZ '2025-08-30T12:52:42.90761Z', "UpdatedAt" = TIMESTAMPTZ '2025-08-30T12:52:42.90761Z'
WHERE "Id" = 4;

UPDATE "Books" SET "CreatedAt" = TIMESTAMPTZ '2025-08-30T12:52:42.907611Z', "UpdatedAt" = TIMESTAMPTZ '2025-08-30T12:52:42.907612Z'
WHERE "Id" = 5;

UPDATE "Categories" SET "CreatedAt" = TIMESTAMPTZ '2025-08-30T12:52:42.907046Z', "UpdatedAt" = TIMESTAMPTZ '2025-08-30T12:52:42.907046Z'
WHERE "Id" = 1;

UPDATE "Categories" SET "CreatedAt" = TIMESTAMPTZ '2025-08-30T12:52:42.907096Z', "UpdatedAt" = TIMESTAMPTZ '2025-08-30T12:52:42.907096Z'
WHERE "Id" = 2;

UPDATE "Categories" SET "CreatedAt" = TIMESTAMPTZ '2025-08-30T12:52:42.907096Z', "UpdatedAt" = TIMESTAMPTZ '2025-08-30T12:52:42.907096Z'
WHERE "Id" = 3;

UPDATE "Categories" SET "CreatedAt" = TIMESTAMPTZ '2025-08-30T12:52:42.907096Z', "UpdatedAt" = TIMESTAMPTZ '2025-08-30T12:52:42.907096Z'
WHERE "Id" = 4;

UPDATE "Categories" SET "CreatedAt" = TIMESTAMPTZ '2025-08-30T12:52:42.907097Z', "UpdatedAt" = TIMESTAMPTZ '2025-08-30T12:52:42.907097Z'
WHERE "Id" = 5;

UPDATE "Categories" SET "CreatedAt" = TIMESTAMPTZ '2025-08-30T12:52:42.907097Z', "UpdatedAt" = TIMESTAMPTZ '2025-08-30T12:52:42.907097Z'
WHERE "Id" = 6;

UPDATE "Publishers" SET "CreatedAt" = TIMESTAMPTZ '2025-08-30T12:52:42.906959Z', "UpdatedAt" = TIMESTAMPTZ '2025-08-30T12:52:42.906968Z'
WHERE "Id" = 1;

UPDATE "Publishers" SET "CreatedAt" = TIMESTAMPTZ '2025-08-30T12:52:42.906977Z', "UpdatedAt" = TIMESTAMPTZ '2025-08-30T12:52:42.906977Z'
WHERE "Id" = 2;

UPDATE "Publishers" SET "CreatedAt" = TIMESTAMPTZ '2025-08-30T12:52:42.906977Z', "UpdatedAt" = TIMESTAMPTZ '2025-08-30T12:52:42.906977Z'
WHERE "Id" = 3;

UPDATE "Publishers" SET "CreatedAt" = TIMESTAMPTZ '2025-08-30T12:52:42.906977Z', "UpdatedAt" = TIMESTAMPTZ '2025-08-30T12:52:42.906977Z'
WHERE "Id" = 4;

UPDATE "QuestionOptions" SET "CreatedAt" = TIMESTAMPTZ '2025-08-30T12:52:42.908186Z', "UpdatedAt" = TIMESTAMPTZ '2025-08-30T12:52:42.908194Z'
WHERE "Id" = 1;

UPDATE "QuestionOptions" SET "CreatedAt" = TIMESTAMPTZ '2025-08-30T12:52:42.908201Z', "UpdatedAt" = TIMESTAMPTZ '2025-08-30T12:52:42.908201Z'
WHERE "Id" = 2;

UPDATE "QuestionOptions" SET "CreatedAt" = TIMESTAMPTZ '2025-08-30T12:52:42.908202Z', "UpdatedAt" = TIMESTAMPTZ '2025-08-30T12:52:42.908202Z'
WHERE "Id" = 3;

UPDATE "QuestionOptions" SET "CreatedAt" = TIMESTAMPTZ '2025-08-30T12:52:42.908202Z', "UpdatedAt" = TIMESTAMPTZ '2025-08-30T12:52:42.908202Z'
WHERE "Id" = 4;

UPDATE "QuestionOptions" SET "CreatedAt" = TIMESTAMPTZ '2025-08-30T12:52:42.908202Z', "UpdatedAt" = TIMESTAMPTZ '2025-08-30T12:52:42.908202Z'
WHERE "Id" = 5;

UPDATE "QuestionOptions" SET "CreatedAt" = TIMESTAMPTZ '2025-08-30T12:52:42.908202Z', "UpdatedAt" = TIMESTAMPTZ '2025-08-30T12:52:42.908202Z'
WHERE "Id" = 6;

UPDATE "QuestionOptions" SET "CreatedAt" = TIMESTAMPTZ '2025-08-30T12:52:42.908202Z', "UpdatedAt" = TIMESTAMPTZ '2025-08-30T12:52:42.908203Z'
WHERE "Id" = 7;

UPDATE "QuestionOptions" SET "CreatedAt" = TIMESTAMPTZ '2025-08-30T12:52:42.908203Z', "UpdatedAt" = TIMESTAMPTZ '2025-08-30T12:52:42.908203Z'
WHERE "Id" = 8;

UPDATE "QuestionOptions" SET "CreatedAt" = TIMESTAMPTZ '2025-08-30T12:52:42.908203Z', "UpdatedAt" = TIMESTAMPTZ '2025-08-30T12:52:42.908203Z'
WHERE "Id" = 9;

UPDATE "QuestionOptions" SET "CreatedAt" = TIMESTAMPTZ '2025-08-30T12:52:42.908203Z', "UpdatedAt" = TIMESTAMPTZ '2025-08-30T12:52:42.908203Z'
WHERE "Id" = 10;

UPDATE "QuestionOptions" SET "CreatedAt" = TIMESTAMPTZ '2025-08-30T12:52:42.908203Z', "UpdatedAt" = TIMESTAMPTZ '2025-08-30T12:52:42.908203Z'
WHERE "Id" = 11;

UPDATE "QuestionOptions" SET "CreatedAt" = TIMESTAMPTZ '2025-08-30T12:52:42.908203Z', "UpdatedAt" = TIMESTAMPTZ '2025-08-30T12:52:42.908204Z'
WHERE "Id" = 12;

UPDATE "QuestionOptions" SET "CreatedAt" = TIMESTAMPTZ '2025-08-30T12:52:42.908212Z', "UpdatedAt" = TIMESTAMPTZ '2025-08-30T12:52:42.908212Z'
WHERE "Id" = 13;

UPDATE "QuestionOptions" SET "CreatedAt" = TIMESTAMPTZ '2025-08-30T12:52:42.908213Z', "UpdatedAt" = TIMESTAMPTZ '2025-08-30T12:52:42.908213Z'
WHERE "Id" = 14;

UPDATE "QuestionOptions" SET "CreatedAt" = TIMESTAMPTZ '2025-08-30T12:52:42.908214Z', "UpdatedAt" = TIMESTAMPTZ '2025-08-30T12:52:42.908214Z'
WHERE "Id" = 15;

UPDATE "QuestionOptions" SET "CreatedAt" = TIMESTAMPTZ '2025-08-30T12:52:42.908214Z', "UpdatedAt" = TIMESTAMPTZ '2025-08-30T12:52:42.908214Z'
WHERE "Id" = 16;

UPDATE "QuestionOptions" SET "CreatedAt" = TIMESTAMPTZ '2025-08-30T12:52:42.908214Z', "UpdatedAt" = TIMESTAMPTZ '2025-08-30T12:52:42.908214Z'
WHERE "Id" = 17;

UPDATE "QuestionOptions" SET "CreatedAt" = TIMESTAMPTZ '2025-08-30T12:52:42.908214Z', "UpdatedAt" = TIMESTAMPTZ '2025-08-30T12:52:42.908214Z'
WHERE "Id" = 18;

UPDATE "QuestionOptions" SET "CreatedAt" = TIMESTAMPTZ '2025-08-30T12:52:42.908214Z', "UpdatedAt" = TIMESTAMPTZ '2025-08-30T12:52:42.908214Z'
WHERE "Id" = 19;

UPDATE "QuestionOptions" SET "CreatedAt" = TIMESTAMPTZ '2025-08-30T12:52:42.908215Z', "UpdatedAt" = TIMESTAMPTZ '2025-08-30T12:52:42.908215Z'
WHERE "Id" = 20;

UPDATE "QuestionOptions" SET "CreatedAt" = TIMESTAMPTZ '2025-08-30T12:52:42.908215Z', "UpdatedAt" = TIMESTAMPTZ '2025-08-30T12:52:42.908215Z'
WHERE "Id" = 21;

UPDATE "QuestionOptions" SET "CreatedAt" = TIMESTAMPTZ '2025-08-30T12:52:42.908215Z', "UpdatedAt" = TIMESTAMPTZ '2025-08-30T12:52:42.908215Z'
WHERE "Id" = 22;

UPDATE "QuestionOptions" SET "CreatedAt" = TIMESTAMPTZ '2025-08-30T12:52:42.908215Z', "UpdatedAt" = TIMESTAMPTZ '2025-08-30T12:52:42.908215Z'
WHERE "Id" = 23;

UPDATE "QuestionOptions" SET "CreatedAt" = TIMESTAMPTZ '2025-08-30T12:52:42.908215Z', "UpdatedAt" = TIMESTAMPTZ '2025-08-30T12:52:42.908215Z'
WHERE "Id" = 24;

UPDATE "QuestionOptions" SET "CreatedAt" = TIMESTAMPTZ '2025-08-30T12:52:42.908217Z', "UpdatedAt" = TIMESTAMPTZ '2025-08-30T12:52:42.908217Z'
WHERE "Id" = 25;

UPDATE "QuestionOptions" SET "CreatedAt" = TIMESTAMPTZ '2025-08-30T12:52:42.908217Z', "UpdatedAt" = TIMESTAMPTZ '2025-08-30T12:52:42.908218Z'
WHERE "Id" = 26;

UPDATE "QuestionOptions" SET "CreatedAt" = TIMESTAMPTZ '2025-08-30T12:52:42.908218Z', "UpdatedAt" = TIMESTAMPTZ '2025-08-30T12:52:42.908218Z'
WHERE "Id" = 27;

UPDATE "QuestionOptions" SET "CreatedAt" = TIMESTAMPTZ '2025-08-30T12:52:42.908218Z', "UpdatedAt" = TIMESTAMPTZ '2025-08-30T12:52:42.908218Z'
WHERE "Id" = 28;

UPDATE "QuestionOptions" SET "CreatedAt" = TIMESTAMPTZ '2025-08-30T12:52:42.908218Z', "UpdatedAt" = TIMESTAMPTZ '2025-08-30T12:52:42.908218Z'
WHERE "Id" = 29;

UPDATE "QuestionOptions" SET "CreatedAt" = TIMESTAMPTZ '2025-08-30T12:52:42.908218Z', "UpdatedAt" = TIMESTAMPTZ '2025-08-30T12:52:42.908218Z'
WHERE "Id" = 30;

UPDATE "QuestionOptions" SET "CreatedAt" = TIMESTAMPTZ '2025-08-30T12:52:42.908218Z', "UpdatedAt" = TIMESTAMPTZ '2025-08-30T12:52:42.908219Z'
WHERE "Id" = 31;

UPDATE "QuestionOptions" SET "CreatedAt" = TIMESTAMPTZ '2025-08-30T12:52:42.908219Z', "UpdatedAt" = TIMESTAMPTZ '2025-08-30T12:52:42.908219Z'
WHERE "Id" = 32;

UPDATE "QuizQuestions" SET "CreatedAt" = TIMESTAMPTZ '2025-08-30T12:52:42.908069Z', "UpdatedAt" = TIMESTAMPTZ '2025-08-30T12:52:42.908077Z'
WHERE "Id" = 1;

UPDATE "QuizQuestions" SET "CreatedAt" = TIMESTAMPTZ '2025-08-30T12:52:42.908085Z', "UpdatedAt" = TIMESTAMPTZ '2025-08-30T12:52:42.908085Z'
WHERE "Id" = 2;

UPDATE "QuizQuestions" SET "CreatedAt" = TIMESTAMPTZ '2025-08-30T12:52:42.908087Z', "UpdatedAt" = TIMESTAMPTZ '2025-08-30T12:52:42.908087Z'
WHERE "Id" = 3;

UPDATE "QuizQuestions" SET "CreatedAt" = TIMESTAMPTZ '2025-08-30T12:52:42.908087Z', "UpdatedAt" = TIMESTAMPTZ '2025-08-30T12:52:42.908087Z'
WHERE "Id" = 4;

UPDATE "QuizQuestions" SET "CreatedAt" = TIMESTAMPTZ '2025-08-30T12:52:42.908087Z', "UpdatedAt" = TIMESTAMPTZ '2025-08-30T12:52:42.908087Z'
WHERE "Id" = 5;

UPDATE "QuizQuestions" SET "CreatedAt" = TIMESTAMPTZ '2025-08-30T12:52:42.908104Z', "UpdatedAt" = TIMESTAMPTZ '2025-08-30T12:52:42.908104Z'
WHERE "Id" = 6;

UPDATE "QuizQuestions" SET "CreatedAt" = TIMESTAMPTZ '2025-08-30T12:52:42.908105Z', "UpdatedAt" = TIMESTAMPTZ '2025-08-30T12:52:42.908105Z'
WHERE "Id" = 7;

UPDATE "QuizQuestions" SET "CreatedAt" = TIMESTAMPTZ '2025-08-30T12:52:42.908105Z', "UpdatedAt" = TIMESTAMPTZ '2025-08-30T12:52:42.908105Z'
WHERE "Id" = 8;

UPDATE "QuizQuestions" SET "CreatedAt" = TIMESTAMPTZ '2025-08-30T12:52:42.908105Z', "UpdatedAt" = TIMESTAMPTZ '2025-08-30T12:52:42.908105Z'
WHERE "Id" = 9;

UPDATE "QuizQuestions" SET "CreatedAt" = TIMESTAMPTZ '2025-08-30T12:52:42.908105Z', "UpdatedAt" = TIMESTAMPTZ '2025-08-30T12:52:42.908105Z'
WHERE "Id" = 10;

UPDATE "QuizQuestions" SET "CreatedAt" = TIMESTAMPTZ '2025-08-30T12:52:42.908106Z', "UpdatedAt" = TIMESTAMPTZ '2025-08-30T12:52:42.908106Z'
WHERE "Id" = 11;

UPDATE "QuizQuestions" SET "CreatedAt" = TIMESTAMPTZ '2025-08-30T12:52:42.908108Z', "UpdatedAt" = TIMESTAMPTZ '2025-08-30T12:52:42.908108Z'
WHERE "Id" = 12;

UPDATE "QuizQuestions" SET "CreatedAt" = TIMESTAMPTZ '2025-08-30T12:52:42.908108Z', "UpdatedAt" = TIMESTAMPTZ '2025-08-30T12:52:42.908108Z'
WHERE "Id" = 13;

UPDATE "QuizQuestions" SET "CreatedAt" = TIMESTAMPTZ '2025-08-30T12:52:42.908108Z', "UpdatedAt" = TIMESTAMPTZ '2025-08-30T12:52:42.908108Z'
WHERE "Id" = 14;

UPDATE "QuizQuestions" SET "CreatedAt" = TIMESTAMPTZ '2025-08-30T12:52:42.908108Z', "UpdatedAt" = TIMESTAMPTZ '2025-08-30T12:52:42.90811Z'
WHERE "Id" = 15;

UPDATE "Quizzes" SET "CreatedAt" = TIMESTAMPTZ '2025-08-30T12:52:42.907912Z', "UpdatedAt" = TIMESTAMPTZ '2025-08-30T12:52:42.90792Z'
WHERE "Id" = 1;

UPDATE "Quizzes" SET "CreatedAt" = TIMESTAMPTZ '2025-08-30T12:52:42.907928Z', "UpdatedAt" = TIMESTAMPTZ '2025-08-30T12:52:42.907928Z'
WHERE "Id" = 2;

UPDATE "Quizzes" SET "CreatedAt" = TIMESTAMPTZ '2025-08-30T12:52:42.907928Z', "UpdatedAt" = TIMESTAMPTZ '2025-08-30T12:52:42.907928Z'
WHERE "Id" = 3;

UPDATE "SystemSettings" SET "UpdatedAt" = TIMESTAMPTZ '2025-08-30T12:52:42.907669Z'
WHERE "Id" = 1;

UPDATE "SystemSettings" SET "UpdatedAt" = TIMESTAMPTZ '2025-08-30T12:52:42.907703Z'
WHERE "Id" = 2;

UPDATE "SystemSettings" SET "UpdatedAt" = TIMESTAMPTZ '2025-08-30T12:52:42.907704Z'
WHERE "Id" = 3;

UPDATE "SystemSettings" SET "UpdatedAt" = TIMESTAMPTZ '2025-08-30T12:52:42.907704Z'
WHERE "Id" = 4;

UPDATE "SystemSettings" SET "UpdatedAt" = TIMESTAMPTZ '2025-08-30T12:52:42.907704Z'
WHERE "Id" = 5;

UPDATE "SystemSettings" SET "UpdatedAt" = TIMESTAMPTZ '2025-08-30T12:52:42.907704Z'
WHERE "Id" = 6;

UPDATE "SystemSettings" SET "UpdatedAt" = TIMESTAMPTZ '2025-08-30T12:52:42.907704Z'
WHERE "Id" = 7;

UPDATE "SystemSettings" SET "UpdatedAt" = TIMESTAMPTZ '2025-08-30T12:52:42.907704Z'
WHERE "Id" = 8;

UPDATE "SystemSettings" SET "UpdatedAt" = TIMESTAMPTZ '2025-08-30T12:52:42.907704Z'
WHERE "Id" = 9;

UPDATE "SystemSettings" SET "UpdatedAt" = TIMESTAMPTZ '2025-08-30T12:52:42.907704Z'
WHERE "Id" = 10;

CREATE INDEX "IX_ProductImages_ProductId" ON "ProductImages" ("ProductId");

CREATE INDEX "IX_Products_AuthorId" ON "Products" ("AuthorId");

CREATE INDEX "IX_Products_CategoryId" ON "Products" ("CategoryId");

CREATE INDEX "IX_Products_IsAvailable" ON "Products" ("IsAvailable");

CREATE INDEX "IX_Products_IsFeatured" ON "Products" ("IsFeatured");

CREATE INDEX "IX_Products_IsNewRelease" ON "Products" ("IsNewRelease");

CREATE INDEX "IX_Products_ProductType" ON "Products" ("ProductType");

CREATE INDEX "IX_Products_PublisherId" ON "Products" ("PublisherId");

CREATE UNIQUE INDEX "IX_Products_SKU" ON "Products" ("SKU");

CREATE INDEX "IX_Products_Title" ON "Products" ("Title");

INSERT INTO "__EFMigrationsHistory" ("MigrationId", "ProductVersion")
VALUES ('20250830125243_AddProductTables', '9.0.1');

-- Simplified migration script for Products table
-- Run this if automatic migration fails

DO $$
BEGIN
    -- Check if Products table exists
    IF NOT EXISTS (SELECT 1 FROM information_schema.tables WHERE table_name = 'Products') THEN
        RAISE NOTICE 'Creating Products table...';

        CREATE TABLE "Products" (
            "Id" integer GENERATED BY DEFAULT AS IDENTITY,
            "Title" character varying(200) NOT NULL,
            "TitleArabic" character varying(200),
            "SKU" character varying(20),
            "Description" text,
            "DescriptionArabic" text,
            "ProductType" character varying(50) NOT NULL DEFAULT 'Book',
            "AuthorId" integer,
            "PublisherId" integer,
            "CategoryId" integer,
            "Grade" character varying(50),
            "Subject" character varying(50),
            "PublicationDate" timestamp with time zone,
            "Pages" integer,
            "Language" character varying(20) NOT NULL DEFAULT 'Arabic',
            "Price" numeric(10,2),
            "OriginalPrice" numeric(10,2),
            "StockQuantity" integer NOT NULL DEFAULT 0,
            "CoverImageUrl" character varying(500),
            "IsAvailable" boolean NOT NULL DEFAULT true,
            "IsFeatured" boolean NOT NULL DEFAULT false,
            "IsNewRelease" boolean NOT NULL DEFAULT false,
            "Rating" numeric(3,2) NOT NULL DEFAULT 0.0,
            "RatingCount" integer NOT NULL DEFAULT 0,
            "ViewCount" integer NOT NULL DEFAULT 0,
            "CreatedAt" timestamp with time zone NOT NULL DEFAULT (CURRENT_TIMESTAMP),
            "UpdatedAt" timestamp with time zone NOT NULL DEFAULT (CURRENT_TIMESTAMP),
            CONSTRAINT "PK_Products" PRIMARY KEY ("Id")
        );

        RAISE NOTICE 'Products table created successfully!';
    ELSE
        RAISE NOTICE 'Products table already exists, skipping creation.';
    END IF;

    -- Check if ProductImages table exists
    IF NOT EXISTS (SELECT 1 FROM information_schema.tables WHERE table_name = 'ProductImages') THEN
        RAISE NOTICE 'Creating ProductImages table...';

        CREATE TABLE "ProductImages" (
            "Id" integer GENERATED BY DEFAULT AS IDENTITY,
            "ProductId" integer NOT NULL,
            "ImageUrl" character varying(500) NOT NULL,
            "ImageType" character varying(50) NOT NULL DEFAULT 'Gallery',
            "DisplayOrder" integer NOT NULL DEFAULT 0,
            "IsActive" boolean NOT NULL DEFAULT true,
            "CreatedAt" timestamp with time zone NOT NULL DEFAULT (CURRENT_TIMESTAMP),
            CONSTRAINT "PK_ProductImages" PRIMARY KEY ("Id")
        );

        RAISE NOTICE 'ProductImages table created successfully!';
    ELSE
        RAISE NOTICE 'ProductImages table already exists, skipping creation.';
    END IF;

    -- Add foreign key constraints (only if they don't exist)
    IF NOT EXISTS (SELECT 1 FROM information_schema.table_constraints WHERE constraint_name = 'FK_Products_Authors_AuthorId') THEN
        ALTER TABLE "Products" ADD CONSTRAINT "FK_Products_Authors_AuthorId"
            FOREIGN KEY ("AuthorId") REFERENCES "Authors" ("Id") ON DELETE SET NULL;
        RAISE NOTICE 'Added FK constraint for Products.AuthorId';
    END IF;

    IF NOT EXISTS (SELECT 1 FROM information_schema.table_constraints WHERE constraint_name = 'FK_Products_Categories_CategoryId') THEN
        ALTER TABLE "Products" ADD CONSTRAINT "FK_Products_Categories_CategoryId"
            FOREIGN KEY ("CategoryId") REFERENCES "Categories" ("Id") ON DELETE SET NULL;
        RAISE NOTICE 'Added FK constraint for Products.CategoryId';
    END IF;

    IF NOT EXISTS (SELECT 1 FROM information_schema.table_constraints WHERE constraint_name = 'FK_Products_Publishers_PublisherId') THEN
        ALTER TABLE "Products" ADD CONSTRAINT "FK_Products_Publishers_PublisherId"
            FOREIGN KEY ("PublisherId") REFERENCES "Publishers" ("Id") ON DELETE SET NULL;
        RAISE NOTICE 'Added FK constraint for Products.PublisherId';
    END IF;

    IF NOT EXISTS (SELECT 1 FROM information_schema.table_constraints WHERE constraint_name = 'FK_ProductImages_Products_ProductId') THEN
        ALTER TABLE "ProductImages" ADD CONSTRAINT "FK_ProductImages_Products_ProductId"
            FOREIGN KEY ("ProductId") REFERENCES "Products" ("Id") ON DELETE CASCADE;
        RAISE NOTICE 'Added FK constraint for ProductImages.ProductId';
    END IF;

    -- Add indexes (only if they don't exist)
    IF NOT EXISTS (SELECT 1 FROM pg_indexes WHERE indexname = 'IX_Products_SKU') THEN
        CREATE INDEX "IX_Products_SKU" ON "Products" ("SKU");
        RAISE NOTICE 'Created index IX_Products_SKU';
    END IF;

    IF NOT EXISTS (SELECT 1 FROM pg_indexes WHERE indexname = 'IX_Products_IsAvailable') THEN
        CREATE INDEX "IX_Products_IsAvailable" ON "Products" ("IsAvailable");
        RAISE NOTICE 'Created index IX_Products_IsAvailable';
    END IF;

    IF NOT EXISTS (SELECT 1 FROM pg_indexes WHERE indexname = 'IX_ProductImages_ProductId') THEN
        CREATE INDEX "IX_ProductImages_ProductId" ON "ProductImages" ("ProductId");
        RAISE NOTICE 'Created index IX_ProductImages_ProductId';
    END IF;

    RAISE NOTICE 'Migration completed successfully!';

EXCEPTION
    WHEN OTHERS THEN
        RAISE EXCEPTION 'Migration failed: %', SQLERRM;
END $$;

COMMIT;

